date,os,vertical,country,total_DAU,total_downloads,total_duration_minutes
2024-08-01,ANDROID,RMG,USA,"551,997","7,779","9,280,195"
2024-08-01,IOS,RMG,USA,"868,258","22,256","5,211,271"
2024-08-01,ANDROID,Sportsbetting,USA,"547,135","14,015","6,782,261"
2024-08-01,IOS,Sportsbetting,USA,"1,444,865","64,482","19,810,854"
2024-08-02,ANDROID,RMG,USA,"548,071","9,302","10,320,247"
2024-08-02,IOS,RMG,USA,"780,573","23,004","6,847,100"
2024-08-02,ANDROID,Sportsbetting,USA,"564,720","30,791","7,042,790"
2024-08-02,IOS,Sportsbetting,USA,"1,562,708","79,043","19,067,403"
2024-08-03,ANDROID,RMG,USA,"546,075","10,805","9,329,394"
2024-08-03,IOS,RMG,USA,"870,421","23,301","7,349,162"
2024-08-03,IOS,Sportsbetting,USA,"1,635,996","97,454","20,895,028"
2024-08-03,ANDROID,Sportsbetting,USA,"577,569","37,979","7,903,525"
2024-08-04,IOS,RMG,USA,"846,303","20,479","5,577,182"
2024-08-04,ANDROID,RMG,USA,"590,974","9,101","9,340,049"
2024-08-04,ANDROID,Sportsbetting,USA,"618,052","16,063","8,166,439"
2024-08-04,IOS,Sportsbetting,USA,"1,642,285","64,727","20,400,583"
2024-08-05,IOS,RMG,USA,"697,245","19,094","5,185,548"
2024-08-05,ANDROID,RMG,USA,"539,386","7,586","9,510,542"
2024-08-05,ANDROID,Sportsbetting,USA,"600,919","17,167","6,850,895"
2024-08-05,IOS,Sportsbetting,USA,"1,545,570","67,054","18,940,678"
2024-08-06,ANDROID,RMG,USA,"563,651","8,027","8,561,088"
2024-08-06,IOS,RMG,USA,"745,167","21,336","6,504,256"
2024-08-06,IOS,Sportsbetting,USA,"1,549,991","71,835","19,964,712"
2024-08-06,ANDROID,Sportsbetting,USA,"583,510","18,404","6,944,888"
2024-08-07,IOS,RMG,USA,"853,796","21,831","6,292,440"
2024-08-07,ANDROID,RMG,USA,"603,172","7,508","8,996,994"
2024-08-07,ANDROID,Sportsbetting,USA,"608,643","19,112","8,160,301"
2024-08-07,IOS,Sportsbetting,USA,"1,701,025","94,721","20,689,775"
2024-08-08,IOS,RMG,USA,"852,673","20,662","5,219,848"
2024-08-08,ANDROID,RMG,USA,"585,276","8,868","8,769,173"
2024-08-08,ANDROID,Sportsbetting,USA,"587,673","19,216","6,893,957"
2024-08-08,IOS,Sportsbetting,USA,"1,649,909","101,281","21,186,276"
2024-08-09,IOS,RMG,USA,"763,935","20,513","8,211,778"
2024-08-09,ANDROID,RMG,USA,"574,166","9,172","10,242,522"
2024-08-09,IOS,Sportsbetting,USA,"1,783,132","110,141","20,206,728"
2024-08-09,ANDROID,Sportsbetting,USA,"601,474","30,372","7,382,268"
2024-08-10,IOS,RMG,USA,"864,507","24,768","7,640,720"
2024-08-10,ANDROID,RMG,USA,"571,403","11,258","9,083,490"
2024-08-10,IOS,Sportsbetting,USA,"1,825,219","100,499","22,446,972"
2024-08-10,ANDROID,Sportsbetting,USA,"616,863","33,689","8,120,151"
2024-08-11,ANDROID,RMG,USA,"560,527","9,514","9,368,562"
2024-08-11,IOS,RMG,USA,"898,575","23,059","5,618,813"
2024-08-11,ANDROID,Sportsbetting,USA,"659,431","23,484","7,183,301"
2024-08-11,IOS,Sportsbetting,USA,"1,969,956","118,927","22,769,754"
2024-08-12,ANDROID,RMG,USA,"510,380","7,034","9,533,588"
2024-08-12,IOS,RMG,USA,"746,783","21,935","5,133,171"
2024-08-12,ANDROID,Sportsbetting,USA,"657,729","32,280","6,051,732"
2024-08-12,IOS,Sportsbetting,USA,"1,950,034","110,038","19,975,140"
2024-08-13,IOS,RMG,USA,"789,044","19,467","6,739,866"
2024-08-13,ANDROID,RMG,USA,"533,498","9,350","8,968,559"
2024-08-13,IOS,Sportsbetting,USA,"1,960,770","114,156","22,266,654"
2024-08-13,ANDROID,Sportsbetting,USA,"644,242","24,501","6,532,029"
2024-08-14,IOS,RMG,USA,"904,534","22,299","6,907,982"
2024-08-14,ANDROID,RMG,USA,"573,152","8,748","9,036,489"
2024-08-14,IOS,Sportsbetting,USA,"2,117,833","141,542","23,472,853"
2024-08-14,ANDROID,Sportsbetting,USA,"661,158","27,903","7,172,529"
2024-08-15,ANDROID,RMG,USA,"556,766","7,411","8,891,746"
2024-08-15,IOS,RMG,USA,"902,263","20,468","5,283,762"
2024-08-15,IOS,Sportsbetting,USA,"2,003,616","112,201","24,842,797"
2024-08-15,ANDROID,Sportsbetting,USA,"637,968","22,360","6,600,151"
2024-08-16,ANDROID,RMG,USA,"548,644","9,853","9,996,812"
2024-08-16,IOS,RMG,USA,"815,602","24,682","7,622,694"
2024-08-16,IOS,Sportsbetting,USA,"2,159,828","143,538","22,505,135"
2024-08-16,ANDROID,Sportsbetting,USA,"649,365","32,803","6,739,768"
2024-08-17,ANDROID,RMG,USA,"544,284","11,615","9,272,438"
2024-08-17,IOS,RMG,USA,"920,243","25,471","7,824,657"
2024-08-17,ANDROID,Sportsbetting,USA,"674,776","40,773","7,456,190"
2024-08-17,IOS,Sportsbetting,USA,"2,228,282","161,928","25,149,476"
2024-08-18,IOS,RMG,USA,"948,694","24,720","6,332,335"
2024-08-18,ANDROID,RMG,USA,"576,998","9,742","8,764,160"
2024-08-18,IOS,Sportsbetting,USA,"2,315,447","161,116","25,443,854"
2024-08-18,ANDROID,Sportsbetting,USA,"695,541","21,656","7,853,950"
2024-08-19,IOS,RMG,USA,"781,037","19,958","5,426,044"
2024-08-19,ANDROID,RMG,USA,"520,415","6,991","8,832,294"
2024-08-19,IOS,Sportsbetting,USA,"2,363,619","118,834","22,747,047"
2024-08-19,ANDROID,Sportsbetting,USA,"712,490","23,394","6,600,824"
2024-08-20,IOS,RMG,USA,"822,956","23,329","6,246,193"
2024-08-20,ANDROID,RMG,USA,"540,431","7,809","8,336,538"
2024-08-20,IOS,Sportsbetting,USA,"2,331,956","143,450","24,551,208"
2024-08-20,ANDROID,Sportsbetting,USA,"698,301","24,709","6,805,252"
2024-08-21,IOS,RMG,USA,"948,656","24,657","6,708,524"
2024-08-21,ANDROID,RMG,USA,"582,197","7,848","8,341,273"
2024-08-21,IOS,Sportsbetting,USA,"2,522,083","157,939","25,714,184"
2024-08-21,ANDROID,Sportsbetting,USA,"717,532","26,686","7,522,341"
2024-08-22,ANDROID,RMG,USA,"562,412","8,273","8,454,944"
2024-08-22,IOS,RMG,USA,"936,215","24,330","5,691,851"
2024-08-22,ANDROID,Sportsbetting,USA,"693,126","34,068","6,838,207"
2024-08-22,IOS,Sportsbetting,USA,"2,417,210","155,561","27,367,711"
2024-08-23,IOS,RMG,USA,"861,458","31,163","8,441,564"
2024-08-23,ANDROID,RMG,USA,"554,090","12,683","9,440,759"
2024-08-23,IOS,Sportsbetting,USA,"2,560,656","184,957","25,648,561"
2024-08-23,ANDROID,Sportsbetting,USA,"693,508","38,650","7,285,718"
2024-08-24,IOS,RMG,USA,"967,660","29,966","7,776,660"
2024-08-24,ANDROID,RMG,USA,"551,456","17,784","8,492,141"
2024-08-24,IOS,Sportsbetting,USA,"2,613,752","204,421","27,881,874"
2024-08-24,ANDROID,Sportsbetting,USA,"739,675","49,334","8,182,465"
2024-08-25,ANDROID,RMG,USA,"603,693","12,916","10,930,626"
2024-08-25,IOS,RMG,USA,"1,010,563","25,161","5,887,316"
2024-08-25,IOS,Sportsbetting,USA,"2,984,673","207,423","31,492,149"
2024-08-25,ANDROID,Sportsbetting,USA,"853,599","35,261","11,255,804"
2024-08-26,ANDROID,RMG,USA,"546,124","9,738","11,008,324"
2024-08-26,IOS,RMG,USA,"823,028","22,782","5,297,862"
2024-08-26,IOS,Sportsbetting,USA,"3,052,180","206,399","29,257,653"
2024-08-26,ANDROID,Sportsbetting,USA,"866,506","35,627","9,828,859"
2024-08-27,ANDROID,RMG,USA,"573,819","9,309","10,722,419"
2024-08-27,IOS,RMG,USA,"878,551","26,652","6,471,974"
2024-08-27,ANDROID,Sportsbetting,USA,"859,982","40,985","10,013,233"
2024-08-27,IOS,Sportsbetting,USA,"3,013,807","224,116","30,582,311"
2024-08-28,ANDROID,RMG,USA,"604,481","9,678","10,166,344"
2024-08-28,IOS,RMG,USA,"1,005,988","28,195","6,940,670"
2024-08-28,ANDROID,Sportsbetting,USA,"887,096","46,034","10,187,318"
2024-08-28,IOS,Sportsbetting,USA,"3,096,184","221,500","30,589,635"
2024-08-29,ANDROID,RMG,USA,"593,585","11,068","10,956,778"
2024-08-29,IOS,RMG,USA,"990,433","23,752","5,410,314"
2024-08-29,ANDROID,Sportsbetting,USA,"861,791","44,721","9,178,631"
2024-08-29,IOS,Sportsbetting,USA,"3,014,305","213,911","32,658,029"
2024-08-30,ANDROID,RMG,USA,"586,371","14,997","12,081,970"
2024-08-30,IOS,RMG,USA,"940,310","34,790","8,882,045"
2024-08-30,IOS,Sportsbetting,USA,"3,167,626","227,878","31,864,706"
2024-08-30,ANDROID,Sportsbetting,USA,"861,419","54,079","10,245,127"
2024-08-31,ANDROID,RMG,USA,"583,211","22,159","10,472,332"
2024-08-31,IOS,RMG,USA,"1,040,440","36,495","7,415,968"
2024-08-31,ANDROID,Sportsbetting,USA,"930,384","67,981","12,183,443"
2024-08-31,IOS,Sportsbetting,USA,"3,298,700","305,843","35,407,140"
2024-09-01,ANDROID,RMG,USA,"603,169","12,755","10,148,325"
2024-09-01,IOS,RMG,USA,"1,013,843","29,994","5,643,301"
2024-09-01,IOS,Sportsbetting,USA,"4,119,767","392,312","42,991,214"
2024-09-01,ANDROID,Sportsbetting,USA,"1,174,252","56,494","15,896,031"
2024-09-02,IOS,RMG,USA,"819,688","25,360","5,307,106"
2024-09-02,ANDROID,RMG,USA,"548,868","15,193","10,124,415"
2024-09-02,ANDROID,Sportsbetting,USA,"1,194,011","61,577","12,878,453"
2024-09-02,IOS,Sportsbetting,USA,"4,218,038","425,771","37,953,324"
2024-09-03,ANDROID,RMG,USA,"580,644","9,963","10,197,932"
2024-09-03,IOS,RMG,USA,"870,877","21,573","6,384,745"
2024-09-03,ANDROID,Sportsbetting,USA,"1,188,608","51,577","13,585,266"
2024-09-03,IOS,Sportsbetting,USA,"4,092,036","357,869","41,941,663"
2024-09-04,IOS,RMG,USA,"1,009,131","30,586","7,164,695"
2024-09-04,ANDROID,RMG,USA,"609,737","11,465","9,853,874"
2024-09-04,ANDROID,Sportsbetting,USA,"1,242,044","62,895","13,521,519"
2024-09-04,IOS,Sportsbetting,USA,"4,311,501","394,246","40,877,665"
2024-09-05,IOS,RMG,USA,"1,243,775","27,081","5,337,836"
2024-09-05,ANDROID,RMG,USA,"598,350","12,228","10,419,489"
2024-09-05,IOS,Sportsbetting,USA,"4,337,905","449,189","45,697,232"
2024-09-05,ANDROID,Sportsbetting,USA,"1,245,365","73,557","13,527,495"
2024-09-06,ANDROID,RMG,USA,"588,677","16,953","11,019,743"
2024-09-06,IOS,RMG,USA,"943,941","34,685","8,997,319"
2024-09-06,IOS,Sportsbetting,USA,"4,678,324","303,930","46,015,615"
2024-09-06,ANDROID,Sportsbetting,USA,"1,224,809","83,167","13,714,914"
2024-09-07,IOS,RMG,USA,"1,057,966","35,399","7,329,657"
2024-09-07,ANDROID,RMG,USA,"598,028","19,078","10,011,367"
2024-09-07,ANDROID,Sportsbetting,USA,"1,335,197","99,483","17,579,283"
2024-09-07,IOS,Sportsbetting,USA,"4,542,059","230,356","50,095,953"
2024-09-08,IOS,RMG,USA,"1,045,619","32,460","5,700,902"
2024-09-08,ANDROID,RMG,USA,"609,380","13,018","10,819,685"
2024-09-08,ANDROID,Sportsbetting,USA,"1,443,343","81,629","20,210,562"
2024-09-08,IOS,Sportsbetting,USA,"3,817,555","381,435","42,457,242"
2024-09-09,IOS,RMG,USA,"842,227","23,770","5,753,967"
2024-09-09,ANDROID,RMG,USA,"556,141","11,527","10,478,828"
2024-09-09,ANDROID,Sportsbetting,USA,"1,447,694","74,284","15,487,645"
2024-09-09,IOS,Sportsbetting,USA,"3,872,044","260,209","37,617,103"
2024-09-10,IOS,RMG,USA,"927,865","42,463","7,341,408"
2024-09-10,ANDROID,RMG,USA,"603,549","11,539","10,704,232"
2024-09-10,ANDROID,Sportsbetting,USA,"1,445,948","73,821","17,022,078"
2024-09-10,IOS,Sportsbetting,USA,"3,640,294","191,808","40,607,650"
2024-09-11,ANDROID,RMG,USA,"631,037","11,091","9,913,504"
2024-09-11,IOS,RMG,USA,"1,048,755","34,985","7,617,144"
2024-09-11,ANDROID,Sportsbetting,USA,"1,512,329","68,091","16,990,096"
2024-09-11,IOS,Sportsbetting,USA,"3,803,752","177,214","41,174,043"
2024-09-12,IOS,RMG,USA,"1,308,053","29,737","6,662,402"
2024-09-12,ANDROID,RMG,USA,"615,668","11,848","11,244,305"
2024-09-12,IOS,Sportsbetting,USA,"4,011,287","202,488","47,713,960"
2024-09-12,ANDROID,Sportsbetting,USA,"1,711,304","60,213","19,223,454"
2024-09-13,ANDROID,RMG,USA,"606,174","17,158","11,321,501"
2024-09-13,IOS,RMG,USA,"955,051","24,597","9,237,535"
2024-09-13,IOS,Sportsbetting,USA,"4,313,896","176,611","45,042,509"
2024-09-13,ANDROID,Sportsbetting,USA,"1,644,099","59,583","17,454,191"
2024-09-14,IOS,RMG,USA,"1,087,647","27,532","8,169,742"
2024-09-14,ANDROID,RMG,USA,"624,853","17,931","10,782,839"
2024-09-14,ANDROID,Sportsbetting,USA,"1,674,489","71,477","19,364,838"
2024-09-14,IOS,Sportsbetting,USA,"4,096,214","224,850","48,725,759"
2024-09-15,ANDROID,RMG,USA,"575,221","12,802","11,066,457"
2024-09-15,IOS,RMG,USA,"899,301","23,785","5,396,538"
2024-09-15,IOS,Sportsbetting,USA,"3,802,718","189,845","42,656,350"
2024-09-15,ANDROID,Sportsbetting,USA,"1,565,500","55,170","24,687,410"
2024-09-16,IOS,RMG,USA,"727,551","20,532","5,699,820"
2024-09-16,ANDROID,RMG,USA,"541,490","7,054","10,558,820"
2024-09-16,IOS,Sportsbetting,USA,"3,621,713","164,171","34,113,256"
2024-09-16,ANDROID,Sportsbetting,USA,"1,489,499","53,787","15,992,920"
2024-09-17,IOS,RMG,USA,"781,423","21,759","6,863,224"
2024-09-17,ANDROID,RMG,USA,"579,075","6,432","11,007,198"
2024-09-17,ANDROID,Sportsbetting,USA,"1,444,105","54,978","16,643,374"
2024-09-17,IOS,Sportsbetting,USA,"3,278,883","127,921","34,699,817"
2024-09-18,IOS,RMG,USA,"900,285","24,475","7,683,959"
2024-09-18,ANDROID,RMG,USA,"608,309","8,803","9,728,719"
2024-09-18,ANDROID,Sportsbetting,USA,"1,480,326","65,937","16,574,258"
2024-09-18,IOS,Sportsbetting,USA,"3,321,303","80,910","33,947,863"
2024-09-19,ANDROID,RMG,USA,"584,176","9,307","11,025,177"
2024-09-19,IOS,RMG,USA,"1,051,431","21,658","6,065,257"
2024-09-19,ANDROID,Sportsbetting,USA,"1,697,770","47,629","19,227,932"
2024-09-19,IOS,Sportsbetting,USA,"3,645,475","117,997","43,140,461"
2024-09-20,IOS,RMG,USA,"792,019","21,925","9,120,428"
2024-09-20,ANDROID,RMG,USA,"572,203","12,064","11,322,084"
2024-09-20,ANDROID,Sportsbetting,USA,"1,571,980","56,043","16,208,979"
2024-09-20,IOS,Sportsbetting,USA,"3,512,931","96,257","35,483,354"
2024-09-21,IOS,RMG,USA,"918,675","24,985","7,874,895"
2024-09-21,ANDROID,RMG,USA,"592,965","13,106","11,075,791"
2024-09-21,ANDROID,Sportsbetting,USA,"1,551,576","64,604","17,305,234"
2024-09-21,IOS,Sportsbetting,USA,"3,553,593","121,154","41,515,030"
2024-09-22,IOS,RMG,USA,"862,112","24,473","5,310,699"
2024-09-22,ANDROID,RMG,USA,"614,525","8,638","13,238,104"
2024-09-22,ANDROID,Sportsbetting,USA,"1,671,305","44,193","26,558,334"
2024-09-22,IOS,Sportsbetting,USA,"4,154,050","200,237","48,286,290"
2024-09-23,ANDROID,RMG,USA,"582,020","5,822","12,151,044"
2024-09-23,IOS,RMG,USA,"681,631","19,547","5,145,178"
2024-09-23,IOS,Sportsbetting,USA,"3,810,905","153,339","37,947,210"
2024-09-23,ANDROID,Sportsbetting,USA,"1,525,858","30,724","15,727,701"
2024-09-24,IOS,RMG,USA,"742,737","21,864","6,293,438"
2024-09-24,ANDROID,RMG,USA,"620,284","5,908","13,065,771"
2024-09-24,IOS,Sportsbetting,USA,"3,517,224","172,926","38,794,849"
2024-09-24,ANDROID,Sportsbetting,USA,"1,454,336","44,124","16,115,337"
2024-09-25,ANDROID,RMG,USA,"644,101","7,985","11,239,633"
2024-09-25,IOS,RMG,USA,"843,564","21,790","6,928,582"
2024-09-25,IOS,Sportsbetting,USA,"3,372,513","124,217","35,896,200"
2024-09-25,ANDROID,Sportsbetting,USA,"1,451,892","48,733","16,234,200"
2024-09-26,ANDROID,RMG,USA,"629,959","9,610","12,658,153"
2024-09-26,IOS,RMG,USA,"1,014,673","19,657","5,471,609"
2024-09-26,ANDROID,Sportsbetting,USA,"1,698,384","40,392","18,988,619"
2024-09-26,IOS,Sportsbetting,USA,"3,504,590","73,891","44,056,789"
2024-09-27,ANDROID,RMG,USA,"615,481","13,574","13,316,209"
2024-09-27,IOS,RMG,USA,"747,804","25,543","9,042,322"
2024-09-27,IOS,Sportsbetting,USA,"3,793,912","133,243","39,011,830"
2024-09-27,ANDROID,Sportsbetting,USA,"1,525,788","52,359","15,260,841"
2024-09-28,ANDROID,RMG,USA,"627,772","15,613","12,516,783"
2024-09-28,IOS,RMG,USA,"873,906","26,925","7,478,408"
2024-09-28,ANDROID,Sportsbetting,USA,"1,485,807","65,069","16,131,264"
2024-09-28,IOS,Sportsbetting,USA,"3,600,020","139,647","43,541,536"
2024-09-29,IOS,RMG,USA,"927,925","25,125","5,840,747"
2024-09-29,ANDROID,RMG,USA,"655,732","12,110","12,973,589"
2024-09-29,ANDROID,Sportsbetting,USA,"1,752,922","42,702","31,123,370"
2024-09-29,IOS,Sportsbetting,USA,"4,187,535","177,530","50,961,840"
2024-09-30,ANDROID,RMG,USA,"619,946","9,048","12,402,813"
2024-09-30,IOS,RMG,USA,"731,647","15,938","5,305,008"
2024-09-30,IOS,Sportsbetting,USA,"3,859,484","165,225","37,670,122"
2024-09-30,ANDROID,Sportsbetting,USA,"1,564,629","39,236","17,769,697"
2024-10-01,IOS,RMG,USA,"792,625","24,862","6,596,859"
2024-10-01,ANDROID,RMG,USA,"652,323","8,522","13,577,215"
2024-10-01,IOS,Sportsbetting,USA,"3,543,250","160,093","38,016,808"
2024-10-01,ANDROID,Sportsbetting,USA,"1,477,631","44,663","17,518,768"
2024-10-02,IOS,RMG,USA,"895,795","19,835","7,482,398"
2024-10-02,ANDROID,RMG,USA,"678,280","9,590","11,987,754"
2024-10-02,IOS,Sportsbetting,USA,"3,258,990","90,311","32,596,722"
2024-10-02,ANDROID,Sportsbetting,USA,"1,435,776","59,799","17,135,016"
2024-10-03,ANDROID,RMG,USA,"671,275","10,390","12,986,762"
2024-10-03,IOS,RMG,USA,"1,061,852","22,856","6,769,714"
2024-10-03,ANDROID,Sportsbetting,USA,"1,709,421","43,638","20,273,819"
2024-10-03,IOS,Sportsbetting,USA,"3,403,087","73,318","40,429,385"
2024-10-04,ANDROID,RMG,USA,"639,304","13,917","13,538,615"
2024-10-04,IOS,RMG,USA,"810,930","21,761","9,723,722"
2024-10-04,ANDROID,Sportsbetting,USA,"1,504,981","53,465","15,787,837"
2024-10-04,IOS,Sportsbetting,USA,"3,610,734","145,165","36,794,579"
2024-10-05,ANDROID,RMG,USA,"665,135","17,765","13,013,235"
2024-10-05,IOS,RMG,USA,"944,719","24,097","8,140,859"
2024-10-05,IOS,Sportsbetting,USA,"3,556,967","126,237","41,883,800"
2024-10-05,ANDROID,Sportsbetting,USA,"1,457,942","64,238","17,152,578"
2024-10-06,ANDROID,RMG,USA,"645,433","12,380","9,695,874"
2024-10-06,IOS,RMG,USA,"763,662","18,665","5,271,486"
2024-10-06,IOS,Sportsbetting,USA,"3,990,235","164,174","49,334,396"
2024-10-06,ANDROID,Sportsbetting,USA,"1,784,958","48,277","31,173,550"
2024-10-07,IOS,RMG,USA,"633,912","15,594","4,858,986"
2024-10-07,ANDROID,RMG,USA,"613,961","9,117","9,780,143"
2024-10-07,ANDROID,Sportsbetting,USA,"1,568,861","39,870","17,358,157"
2024-10-07,IOS,Sportsbetting,USA,"3,774,007","160,544","40,120,225"
2024-10-08,ANDROID,RMG,USA,"640,988","8,459","11,250,588"
2024-10-08,IOS,RMG,USA,"700,048","22,921","6,316,554"
2024-10-08,IOS,Sportsbetting,USA,"3,488,944","155,085","37,550,019"
2024-10-08,ANDROID,Sportsbetting,USA,"1,451,712","41,058","15,978,159"
2024-10-09,ANDROID,RMG,USA,"669,706","8,428","10,127,555"
2024-10-09,IOS,RMG,USA,"735,917","21,647","7,127,331"
2024-10-09,IOS,Sportsbetting,USA,"3,194,702","104,699","31,383,922"
2024-10-09,ANDROID,Sportsbetting,USA,"1,399,861","40,245","15,848,100"
2024-10-10,ANDROID,RMG,USA,"659,769","13,119","10,495,843"
2024-10-10,IOS,RMG,USA,"931,446","19,745","6,276,014"
2024-10-10,IOS,Sportsbetting,USA,"3,214,200","59,191","37,647,995"
2024-10-10,ANDROID,Sportsbetting,USA,"1,697,823","37,025","18,752,348"
2024-10-11,ANDROID,RMG,USA,"635,136","13,573","10,794,460"
2024-10-11,IOS,RMG,USA,"718,790","21,176","9,331,931"
2024-10-11,ANDROID,Sportsbetting,USA,"1,471,107","50,174","13,923,220"
2024-10-11,IOS,Sportsbetting,USA,"3,405,452","68,073","34,646,223"
2024-10-12,IOS,RMG,USA,"799,539","24,990","7,760,689"
2024-10-12,ANDROID,RMG,USA,"661,964","15,553","10,817,229"
2024-10-12,IOS,Sportsbetting,USA,"3,333,029","95,812","38,613,970"
2024-10-12,ANDROID,Sportsbetting,USA,"1,416,720","60,267","15,004,109"
2024-10-13,IOS,RMG,USA,"704,918","24,918","5,305,348"
2024-10-13,ANDROID,RMG,USA,"645,143","10,225","10,765,393"
2024-10-13,ANDROID,Sportsbetting,USA,"1,904,508","43,166","32,816,962"
2024-10-13,IOS,Sportsbetting,USA,"4,077,012","160,249","51,669,390"
2024-10-14,IOS,RMG,USA,"575,945","18,328","4,989,632"
2024-10-14,ANDROID,RMG,USA,"617,550","7,652","11,239,960"
2024-10-14,ANDROID,Sportsbetting,USA,"1,657,835","39,523","17,780,352"
2024-10-14,IOS,Sportsbetting,USA,"3,895,209","149,357","42,624,111"
2024-10-15,IOS,RMG,USA,"626,036","20,408","6,188,508"
2024-10-15,ANDROID,RMG,USA,"645,001","7,163","12,552,126"
2024-10-15,ANDROID,Sportsbetting,USA,"1,526,067","39,875","16,188,138"
2024-10-15,IOS,Sportsbetting,USA,"3,540,183","131,659","38,213,456"
2024-10-16,IOS,RMG,USA,"655,998","20,656","6,993,506"
2024-10-16,ANDROID,RMG,USA,"664,647","5,350","11,435,550"
2024-10-16,ANDROID,Sportsbetting,USA,"1,446,008","35,547","15,808,380"
2024-10-16,IOS,Sportsbetting,USA,"3,149,692","74,913","31,246,240"
2024-10-17,IOS,RMG,USA,"911,868","24,563","6,289,340"
2024-10-17,ANDROID,RMG,USA,"661,888","7,015","11,374,337"
2024-10-17,IOS,Sportsbetting,USA,"3,335,975","89,528","39,115,743"
2024-10-17,ANDROID,Sportsbetting,USA,"1,787,225","39,385","19,052,896"
2024-10-18,IOS,RMG,USA,"638,113","22,608","8,974,197"
2024-10-18,ANDROID,RMG,USA,"640,536","11,825","12,032,527"
2024-10-18,ANDROID,Sportsbetting,USA,"1,517,300","50,144","13,917,118"
2024-10-18,IOS,Sportsbetting,USA,"3,366,916","79,135","35,004,811"
2024-10-19,ANDROID,RMG,USA,"671,543","14,703","11,710,135"
2024-10-19,IOS,RMG,USA,"722,045","25,538","7,192,426"
2024-10-19,ANDROID,Sportsbetting,USA,"1,474,320","59,926","14,978,246"
2024-10-19,IOS,Sportsbetting,USA,"3,441,485","131,319","38,577,985"
2024-10-20,ANDROID,RMG,USA,"643,937","12,693","9,571,356"
2024-10-20,IOS,RMG,USA,"735,965","26,233","6,096,888"
2024-10-20,IOS,Sportsbetting,USA,"4,258,317","116,117","52,776,709"
2024-10-20,ANDROID,Sportsbetting,USA,"2,036,709","46,849","36,066,974"
2024-10-21,ANDROID,RMG,USA,"614,128","9,270","9,740,491"
2024-10-21,IOS,RMG,USA,"628,591","17,804","5,317,198"
2024-10-21,IOS,Sportsbetting,USA,"3,974,269","89,759","41,883,659"
2024-10-21,ANDROID,Sportsbetting,USA,"1,734,698","37,560","18,620,198"
2024-10-22,ANDROID,RMG,USA,"647,957","10,406","10,580,744"
2024-10-22,IOS,RMG,USA,"667,253","25,553","6,335,077"
2024-10-22,IOS,Sportsbetting,USA,"3,750,840","144,747","40,935,355"
2024-10-22,ANDROID,Sportsbetting,USA,"1,595,416","38,858","17,708,139"
2024-10-23,ANDROID,RMG,USA,"660,301","10,820","9,973,212"
2024-10-23,IOS,RMG,USA,"706,963","26,420","7,250,759"
2024-10-23,IOS,Sportsbetting,USA,"3,623,610","187,687","36,213,351"
2024-10-23,ANDROID,Sportsbetting,USA,"1,518,925","39,220","16,908,450"
2024-10-24,IOS,RMG,USA,"980,632","28,749","6,437,354"
2024-10-24,ANDROID,RMG,USA,"656,381","8,062","9,741,896"
2024-10-24,ANDROID,Sportsbetting,USA,"1,879,482","41,703","20,609,926"
2024-10-24,IOS,Sportsbetting,USA,"3,773,523","187,181","43,025,295"
2024-10-25,ANDROID,RMG,USA,"626,099","10,042","10,281,030"
2024-10-25,IOS,RMG,USA,"686,654","31,328","8,644,907"
2024-10-25,ANDROID,Sportsbetting,USA,"1,563,345","57,739","14,978,357"
2024-10-25,IOS,Sportsbetting,USA,"3,794,386","228,527","37,916,066"
2024-10-26,IOS,RMG,USA,"753,550","28,978","7,504,339"
2024-10-26,ANDROID,RMG,USA,"661,050","17,267","10,341,871"
2024-10-26,ANDROID,Sportsbetting,USA,"1,521,690","70,814","16,172,972"
2024-10-26,IOS,Sportsbetting,USA,"3,714,080","171,746","42,209,759"
2024-10-27,ANDROID,RMG,USA,"610,316","14,672","9,327,518"
2024-10-27,IOS,RMG,USA,"630,006","22,968","6,097,728"
2024-10-27,ANDROID,Sportsbetting,USA,"2,013,191","49,580","34,774,612"
2024-10-27,IOS,Sportsbetting,USA,"4,021,762","95,380","52,219,799"
2024-10-28,IOS,RMG,USA,"544,731","17,536","5,557,265"
2024-10-28,ANDROID,RMG,USA,"582,191","10,014","9,243,234"
2024-10-28,IOS,Sportsbetting,USA,"3,822,434","146,634","39,839,378"
2024-10-28,ANDROID,Sportsbetting,USA,"1,700,771","33,404","17,749,723"
2024-10-29,ANDROID,RMG,USA,"630,618","7,877","10,354,418"
2024-10-29,IOS,RMG,USA,"574,968","20,205","6,224,132"
2024-10-29,IOS,Sportsbetting,USA,"3,646,667","151,201","38,259,965"
2024-10-29,ANDROID,Sportsbetting,USA,"1,580,308","40,744","17,140,815"
2024-10-30,IOS,RMG,USA,"612,539","25,277","7,586,069"
2024-10-30,ANDROID,RMG,USA,"627,563","8,823","9,290,694"
2024-10-30,IOS,Sportsbetting,USA,"3,477,807","141,323","35,913,107"
2024-10-30,ANDROID,Sportsbetting,USA,"1,482,056","36,973","15,959,586"
2024-10-31,IOS,RMG,USA,"868,102","18,784","6,418,461"
2024-10-31,ANDROID,RMG,USA,"612,683","8,371","9,458,376"
2024-10-31,IOS,Sportsbetting,USA,"3,829,675","116,220","44,613,673"
2024-10-31,ANDROID,Sportsbetting,USA,"1,835,107","31,272","19,677,562"
2024-11-01,IOS,RMG,USA,"603,064","27,061","7,912,094"
2024-11-01,ANDROID,RMG,USA,"587,843","9,711","9,635,437"
2024-11-01,IOS,Sportsbetting,USA,"3,672,053","121,563","38,625,023"
2024-11-01,ANDROID,Sportsbetting,USA,"1,514,224","56,691","13,756,865"
2024-11-02,IOS,RMG,USA,"658,551","30,325","7,571,002"
2024-11-02,ANDROID,RMG,USA,"629,479","24,474","9,750,199"
2024-11-02,IOS,Sportsbetting,USA,"3,819,615","158,959","45,137,515"
2024-11-02,ANDROID,Sportsbetting,USA,"1,479,195","65,333","15,746,069"
2024-11-03,ANDROID,RMG,USA,"615,650","12,960","10,514,324"
2024-11-03,IOS,RMG,USA,"603,797","26,373","5,913,567"
2024-11-03,ANDROID,Sportsbetting,USA,"2,189,081","42,200","36,223,387"
2024-11-03,IOS,Sportsbetting,USA,"3,912,232","173,346","50,611,841"
2024-11-04,ANDROID,RMG,USA,"584,253","8,318","10,306,019"
2024-11-04,IOS,RMG,USA,"523,800","21,253","5,381,666"
2024-11-04,ANDROID,Sportsbetting,USA,"1,817,655","40,252","18,119,900"
2024-11-04,IOS,Sportsbetting,USA,"3,680,251","151,941","38,186,154"
2024-11-05,IOS,RMG,USA,"556,453","21,060","5,864,410"
2024-11-05,ANDROID,RMG,USA,"646,088","9,805","11,481,316"
2024-11-05,IOS,Sportsbetting,USA,"3,563,136","130,872","36,168,725"
2024-11-05,ANDROID,Sportsbetting,USA,"1,676,470","41,665","17,127,973"
2024-11-06,IOS,RMG,USA,"589,655","17,942","7,098,629"
2024-11-06,ANDROID,RMG,USA,"646,310","9,079","10,523,220"
2024-11-06,ANDROID,Sportsbetting,USA,"1,566,563","36,880","16,219,844"
2024-11-06,IOS,Sportsbetting,USA,"3,378,764","65,688","34,628,656"
2024-11-07,ANDROID,RMG,USA,"624,858","10,274","10,464,917"
2024-11-07,IOS,RMG,USA,"842,558","20,154","6,185,569"
2024-11-07,ANDROID,Sportsbetting,USA,"1,948,520","40,964","20,157,316"
2024-11-07,IOS,Sportsbetting,USA,"3,668,338","71,984","41,108,081"
2024-11-08,ANDROID,RMG,USA,"599,880","10,123","11,023,553"
2024-11-08,IOS,RMG,USA,"587,654","25,952","7,888,472"
2024-11-08,IOS,Sportsbetting,USA,"3,603,355","110,351","37,476,837"
2024-11-08,ANDROID,Sportsbetting,USA,"1,590,735","50,421","13,983,854"
2024-11-09,ANDROID,RMG,USA,"640,691","18,998","11,001,260"
2024-11-09,IOS,RMG,USA,"645,656","30,907","7,189,088"
2024-11-09,IOS,Sportsbetting,USA,"3,587,803","125,494","41,549,326"
2024-11-09,ANDROID,Sportsbetting,USA,"1,544,756","64,588","15,898,421"
2024-11-10,IOS,RMG,USA,"655,484","27,217","6,352,155"
2024-11-10,ANDROID,RMG,USA,"578,294","12,123","10,717,003"
2024-11-10,ANDROID,Sportsbetting,USA,"2,128,713","30,035","33,968,224"
2024-11-10,IOS,Sportsbetting,USA,"4,396,734","129,543","54,681,568"
2024-11-11,ANDROID,RMG,USA,"553,148","11,461","10,521,442"
2024-11-11,IOS,RMG,USA,"587,878","24,124","5,835,568"
2024-11-11,ANDROID,Sportsbetting,USA,"1,745,339","44,820","16,559,670"
2024-11-11,IOS,Sportsbetting,USA,"4,127,966","111,318","41,798,289"
2024-11-12,IOS,RMG,USA,"611,894","21,056","6,290,280"
2024-11-12,ANDROID,RMG,USA,"607,783","11,209","11,826,832"
2024-11-12,ANDROID,Sportsbetting,USA,"1,587,972","40,252","15,345,815"
2024-11-12,IOS,Sportsbetting,USA,"3,838,541","103,815","36,532,975"
2024-11-13,IOS,RMG,USA,"647,578","25,138","7,832,336"
2024-11-13,ANDROID,RMG,USA,"601,949","9,718","10,934,253"
2024-11-13,IOS,Sportsbetting,USA,"3,433,455","76,906","34,930,098"
2024-11-13,ANDROID,Sportsbetting,USA,"1,476,173","34,148","14,834,601"
2024-11-14,IOS,RMG,USA,"903,425","23,998","6,759,290"
2024-11-14,ANDROID,RMG,USA,"592,338","10,704","10,603,485"
2024-11-14,ANDROID,Sportsbetting,USA,"1,872,969","39,095","18,573,988"
2024-11-14,IOS,Sportsbetting,USA,"3,877,586","99,797","40,766,218"
2024-11-15,ANDROID,RMG,USA,"565,256","13,475","11,096,152"
2024-11-15,IOS,RMG,USA,"635,631","23,095","8,216,939"
2024-11-15,ANDROID,Sportsbetting,USA,"1,523,895","54,078","12,565,005"
2024-11-15,IOS,Sportsbetting,USA,"3,793,953","150,561","36,471,456"
2024-11-16,ANDROID,RMG,USA,"599,485","20,333","11,312,719"
2024-11-16,IOS,RMG,USA,"715,697","39,923","8,014,988"
2024-11-16,IOS,Sportsbetting,USA,"4,483,021","636,646","47,437,873"
2024-11-16,ANDROID,Sportsbetting,USA,"1,470,823","71,351","14,502,318"
2024-11-17,IOS,RMG,USA,"742,306","30,433","6,703,903"
2024-11-17,ANDROID,RMG,USA,"615,501","16,141","9,790,178"
2024-11-17,IOS,Sportsbetting,USA,"4,591,059","343,992","56,543,921"
2024-11-17,ANDROID,Sportsbetting,USA,"2,162,628","70,715","34,699,367"
2024-11-18,ANDROID,RMG,USA,"590,201","11,869","10,128,864"
2024-11-18,IOS,RMG,USA,"652,741","19,936","5,799,174"
2024-11-18,IOS,Sportsbetting,USA,"3,912,764","153,452","39,529,194"
2024-11-18,ANDROID,Sportsbetting,USA,"1,766,527","80,905","16,662,116"
2024-11-19,IOS,RMG,USA,"685,231","28,034","6,171,189"
2024-11-19,ANDROID,RMG,USA,"644,010","10,518","10,729,792"
2024-11-19,ANDROID,Sportsbetting,USA,"1,596,607","69,060","15,445,402"
2024-11-19,IOS,Sportsbetting,USA,"3,614,154","120,237","34,626,327"
2024-11-20,IOS,RMG,USA,"714,803","24,083","7,790,583"
2024-11-20,ANDROID,RMG,USA,"640,145","10,646","10,352,307"
2024-11-20,ANDROID,Sportsbetting,USA,"1,478,061","53,831","14,863,935"
2024-11-20,IOS,Sportsbetting,USA,"3,254,072","113,698","33,363,027"
2024-11-21,IOS,RMG,USA,"1,005,209","24,623","7,084,609"
2024-11-21,ANDROID,RMG,USA,"633,954","12,546","9,748,788"
2024-11-21,IOS,Sportsbetting,USA,"3,670,049","83,346","37,788,614"
2024-11-21,ANDROID,Sportsbetting,USA,"1,893,196","45,388","18,345,836"
2024-11-22,IOS,RMG,USA,"703,082","29,066","8,194,878"
2024-11-22,ANDROID,RMG,USA,"604,340","10,821","10,512,242"
2024-11-22,ANDROID,Sportsbetting,USA,"1,546,023","51,799","12,517,320"
2024-11-22,IOS,Sportsbetting,USA,"3,617,390","94,964","34,362,347"
2024-11-23,IOS,RMG,USA,"798,515","31,874","8,354,826"
2024-11-23,ANDROID,RMG,USA,"640,426","20,378","10,725,153"
2024-11-23,ANDROID,Sportsbetting,USA,"1,463,641","67,607","13,943,256"
2024-11-23,IOS,Sportsbetting,USA,"4,164,085","92,153","44,448,491"
2024-11-24,IOS,RMG,USA,"771,414","28,718","6,906,803"
2024-11-24,ANDROID,RMG,USA,"622,757","15,220","9,498,672"
2024-11-24,ANDROID,Sportsbetting,USA,"2,395,443","42,713","36,401,317"
2024-11-24,IOS,Sportsbetting,USA,"4,622,252","116,199","59,887,002"
2024-11-25,IOS,RMG,USA,"677,311","23,360","5,737,831"
2024-11-25,ANDROID,RMG,USA,"596,830","15,522","9,420,391"
2024-11-25,ANDROID,Sportsbetting,USA,"1,920,570","45,273","16,900,214"
2024-11-25,IOS,Sportsbetting,USA,"4,079,779","170,971","40,738,822"
2024-11-26,ANDROID,RMG,USA,"652,143","16,468","10,096,215"
2024-11-26,IOS,RMG,USA,"711,161","22,645","6,240,971"
2024-11-26,IOS,Sportsbetting,USA,"3,670,415","101,629","34,722,698"
2024-11-26,ANDROID,Sportsbetting,USA,"1,728,064","48,922","15,677,884"
2024-11-27,ANDROID,RMG,USA,"649,671","16,513","9,972,235"
2024-11-27,IOS,RMG,USA,"761,925","31,087","7,783,030"
2024-11-27,IOS,Sportsbetting,USA,"3,420,724","109,525","36,589,768"
2024-11-27,ANDROID,Sportsbetting,USA,"1,580,492","52,141","14,952,753"
2024-11-28,ANDROID,RMG,USA,"632,531","9,713","8,969,691"
2024-11-28,IOS,RMG,USA,"1,037,640","35,488","7,473,861"
2024-11-28,IOS,Sportsbetting,USA,"3,970,663","153,190","43,806,054"
2024-11-28,ANDROID,Sportsbetting,USA,"2,044,943","39,853","18,967,746"
2024-11-29,IOS,RMG,USA,"726,624","27,291","8,149,721"
2024-11-29,ANDROID,RMG,USA,"614,989","10,211","9,995,091"
2024-11-29,IOS,Sportsbetting,USA,"3,951,358","190,555","37,757,957"
2024-11-29,ANDROID,Sportsbetting,USA,"1,647,124","57,090","12,429,100"
2024-11-30,ANDROID,RMG,USA,"644,364","16,780","10,427,063"
2024-11-30,IOS,RMG,USA,"810,674","28,731","9,196,152"
2024-11-30,ANDROID,Sportsbetting,USA,"1,539,223","66,881","13,431,153"
2024-11-30,IOS,Sportsbetting,USA,"4,287,422","153,701","46,634,938"
2024-12-01,IOS,RMG,USA,"860,915","29,536","7,669,481"
2024-12-01,ANDROID,RMG,USA,"635,020","13,694","8,752,847"
2024-12-01,ANDROID,Sportsbetting,USA,"2,262,110","56,599","34,282,601"
2024-12-01,IOS,Sportsbetting,USA,"4,578,130","140,910","60,284,035"
2024-12-02,IOS,RMG,USA,"747,459","18,982","6,082,845"
2024-12-02,ANDROID,RMG,USA,"606,860","12,482","8,579,666"
2024-12-02,IOS,Sportsbetting,USA,"4,031,465","121,400","40,117,926"
2024-12-02,ANDROID,Sportsbetting,USA,"1,809,401","51,053","15,808,384"
2024-12-03,ANDROID,RMG,USA,"661,566","12,581","9,235,251"
2024-12-03,IOS,RMG,USA,"794,782","22,179","6,249,446"
2024-12-03,IOS,Sportsbetting,USA,"3,563,571","96,988","33,351,733"
2024-12-03,ANDROID,Sportsbetting,USA,"1,613,188","54,150","14,442,401"
2024-12-04,ANDROID,RMG,USA,"662,789","12,026","9,206,563"
2024-12-04,IOS,RMG,USA,"854,887","28,458","8,158,590"
2024-12-04,ANDROID,Sportsbetting,USA,"1,470,774","51,361","13,637,608"
2024-12-04,IOS,Sportsbetting,USA,"3,416,552","109,469","35,404,621"
2024-12-05,IOS,RMG,USA,"885,532","36,542","7,071,171"
2024-12-05,ANDROID,RMG,USA,"637,827","8,953","7,948,796"
2024-12-05,ANDROID,Sportsbetting,USA,"1,863,550","43,058","17,055,448"
2024-12-05,IOS,Sportsbetting,USA,"3,786,461","91,975","41,315,570"
2024-12-06,IOS,RMG,USA,"812,249","29,681","8,851,326"
2024-12-06,ANDROID,RMG,USA,"624,731","10,628","9,240,096"
2024-12-06,ANDROID,Sportsbetting,USA,"1,487,776","53,975","11,083,648"
2024-12-06,IOS,Sportsbetting,USA,"3,725,765","108,568","36,101,945"
2024-12-07,ANDROID,RMG,USA,"651,044","17,710","9,252,324"
2024-12-07,IOS,RMG,USA,"886,439","35,975","8,892,357"
2024-12-07,IOS,Sportsbetting,USA,"3,630,797","144,533","39,645,177"
2024-12-07,ANDROID,Sportsbetting,USA,"1,393,767","61,627","12,386,828"
2024-12-08,ANDROID,RMG,USA,"641,670","16,054","9,973,254"
2024-12-08,IOS,RMG,USA,"1,014,098","30,423","8,590,605"
2024-12-08,ANDROID,Sportsbetting,USA,"2,196,837","72,949","32,253,213"
2024-12-08,IOS,Sportsbetting,USA,"4,200,046","137,468","61,521,519"
2024-12-09,ANDROID,RMG,USA,"606,016","14,137","9,676,650"
2024-12-09,IOS,RMG,USA,"885,069","23,898","6,822,473"
2024-12-09,IOS,Sportsbetting,USA,"3,910,238","127,760","42,954,292"
2024-12-09,ANDROID,Sportsbetting,USA,"1,745,583","37,304","14,868,086"
2024-12-10,ANDROID,RMG,USA,"665,240","14,641","10,341,808"
2024-12-10,IOS,RMG,USA,"939,888","25,141","7,252,745"
2024-12-10,IOS,Sportsbetting,USA,"3,368,676","90,532","34,480,803"
2024-12-10,ANDROID,Sportsbetting,USA,"1,577,694","34,169","13,780,057"
2024-12-11,IOS,RMG,USA,"1,034,564","38,264","8,982,422"
2024-12-11,ANDROID,RMG,USA,"662,092","13,993","10,462,144"
2024-12-11,IOS,Sportsbetting,USA,"3,237,875","99,082","37,513,734"
2024-12-11,ANDROID,Sportsbetting,USA,"1,426,390","52,756","12,718,126"
2024-12-12,ANDROID,RMG,USA,"652,102","10,201","8,958,314"
2024-12-12,IOS,RMG,USA,"1,078,271","27,564","8,171,675"
2024-12-12,ANDROID,Sportsbetting,USA,"1,806,352","37,984","15,971,054"
2024-12-12,IOS,Sportsbetting,USA,"3,597,857","73,864","41,726,044"
2024-12-13,IOS,RMG,USA,"990,995","31,401","10,186,334"
2024-12-13,ANDROID,RMG,USA,"632,552","10,724","10,365,611"
2024-12-13,ANDROID,Sportsbetting,USA,"1,441,311","54,149","10,098,112"
2024-12-13,IOS,Sportsbetting,USA,"3,521,720","71,036","37,781,334"
2024-12-14,IOS,RMG,USA,"1,088,401","38,068","9,793,408"
2024-12-14,ANDROID,RMG,USA,"665,385","17,895","10,147,955"
2024-12-14,ANDROID,Sportsbetting,USA,"1,355,496","61,470","11,523,107"
2024-12-14,IOS,Sportsbetting,USA,"3,441,939","87,832","40,528,070"
2024-12-15,IOS,RMG,USA,"1,117,970","34,313","8,523,753"
2024-12-15,ANDROID,RMG,USA,"708,105","15,085","11,092,118"
2024-12-15,ANDROID,Sportsbetting,USA,"2,210,792","33,636","29,899,353"
2024-12-15,IOS,Sportsbetting,USA,"3,962,879","77,862","48,610,120"
2024-12-16,IOS,RMG,USA,"973,880","23,157","7,129,301"
2024-12-16,ANDROID,RMG,USA,"675,373","13,469","11,127,433"
2024-12-16,IOS,Sportsbetting,USA,"3,526,673","59,522","33,464,571"
2024-12-16,ANDROID,Sportsbetting,USA,"1,748,005","25,116","14,008,087"
2024-12-17,ANDROID,RMG,USA,"735,295","14,527","11,489,718"
2024-12-17,IOS,RMG,USA,"1,036,422","27,148","7,184,933"
2024-12-17,ANDROID,Sportsbetting,USA,"1,585,156","40,610","12,790,533"
2024-12-17,IOS,Sportsbetting,USA,"3,237,915","78,530","28,784,154"
2024-12-18,IOS,RMG,USA,"1,145,531","34,713","8,509,445"
2024-12-18,ANDROID,RMG,USA,"752,512","15,779","11,673,887"
2024-12-18,ANDROID,Sportsbetting,USA,"1,420,967","46,335","11,541,629"
2024-12-18,IOS,Sportsbetting,USA,"3,091,305","79,299","31,254,541"
2024-12-19,IOS,RMG,USA,"1,155,860","34,591","7,999,377"
2024-12-19,ANDROID,RMG,USA,"718,119","9,828","10,286,128"
2024-12-19,ANDROID,Sportsbetting,USA,"1,809,549","38,716","14,696,575"
2024-12-19,IOS,Sportsbetting,USA,"3,510,893","117,124","33,884,233"
2024-12-20,ANDROID,RMG,USA,"699,837","10,925","11,207,004"
2024-12-20,IOS,RMG,USA,"1,114,523","40,475","9,662,568"
2024-12-20,ANDROID,Sportsbetting,USA,"1,437,749","51,975","9,817,296"
2024-12-20,IOS,Sportsbetting,USA,"3,235,045","91,976","30,236,065"
2024-12-21,IOS,RMG,USA,"1,245,519","59,721","9,722,199"
2024-12-21,ANDROID,RMG,USA,"749,274","19,099","11,291,067"
2024-12-21,IOS,Sportsbetting,USA,"3,322,422","119,894","34,329,729"
2024-12-21,ANDROID,Sportsbetting,USA,"1,359,179","66,448","11,450,624"
2024-12-22,IOS,RMG,USA,"1,998,696","50,349","11,345,403"
2024-12-22,ANDROID,RMG,USA,"934,739","19,713","15,052,784"
2024-12-22,IOS,Sportsbetting,USA,"4,164,459","133,513","53,315,792"
2024-12-22,ANDROID,Sportsbetting,USA,"2,157,677","63,984","29,497,983"
2024-12-23,ANDROID,RMG,USA,"884,985","21,304","14,987,046"
2024-12-23,IOS,RMG,USA,"1,707,225","56,823","9,717,321"
2024-12-23,ANDROID,Sportsbetting,USA,"1,698,550","38,948","13,565,274"
2024-12-23,IOS,Sportsbetting,USA,"3,727,174","115,463","37,255,294"
2024-12-24,ANDROID,RMG,USA,"992,552","17,408","15,575,819"
2024-12-24,IOS,RMG,USA,"1,824,710","55,285","10,083,183"
2024-12-24,ANDROID,Sportsbetting,USA,"1,538,964","41,022","12,534,651"
2024-12-24,IOS,Sportsbetting,USA,"3,371,835","67,094","30,444,181"
2024-12-25,ANDROID,RMG,USA,"1,012,309","17,491","15,964,656"
2024-12-25,IOS,RMG,USA,"2,255,453","150,904","12,077,125"
2024-12-25,ANDROID,Sportsbetting,USA,"1,388,161","42,835","11,357,263"
2024-12-25,IOS,Sportsbetting,USA,"3,280,048","103,985","34,229,646"
2024-12-26,IOS,RMG,USA,"2,191,381","130,042","11,209,118"
2024-12-26,ANDROID,RMG,USA,"958,413","17,222","14,061,972"
2024-12-26,IOS,Sportsbetting,USA,"3,764,605","102,616","37,607,467"
2024-12-26,ANDROID,Sportsbetting,USA,"1,755,732","36,314","14,375,620"
2024-12-27,ANDROID,RMG,USA,"956,946","25,596","15,615,495"
2024-12-27,IOS,RMG,USA,"2,063,255","112,743","13,136,053"
2024-12-27,ANDROID,Sportsbetting,USA,"1,401,014","52,269","9,705,827"
2024-12-27,IOS,Sportsbetting,USA,"3,390,190","99,790","32,911,000"
2024-12-28,ANDROID,RMG,USA,"1,024,654","36,215","14,983,040"
2024-12-28,IOS,RMG,USA,"2,487,302","181,319","13,799,078"
2024-12-28,ANDROID,Sportsbetting,USA,"1,363,918","64,259","11,729,695"
2024-12-28,IOS,Sportsbetting,USA,"3,446,752","107,089","37,291,022"
2024-12-29,IOS,RMG,USA,"1,661,486","120,147","10,604,240"
2024-12-29,ANDROID,RMG,USA,"798,573","33,914","14,658,679"
2024-12-29,ANDROID,Sportsbetting,USA,"1,794,204","33,205","26,673,536"
2024-12-29,IOS,Sportsbetting,USA,"4,154,411","159,317","55,254,400"
2024-12-30,ANDROID,RMG,USA,"756,640","26,122","14,301,090"
2024-12-30,IOS,RMG,USA,"1,340,956","69,488","9,167,879"
2024-12-30,ANDROID,Sportsbetting,USA,"1,415,055","53,994","12,393,193"
2024-12-30,IOS,Sportsbetting,USA,"3,560,745","111,086","35,319,536"
2024-12-31,IOS,RMG,USA,"1,413,446","56,747","8,951,443"
2024-12-31,ANDROID,RMG,USA,"863,483","25,595","14,301,244"
2024-12-31,ANDROID,Sportsbetting,USA,"1,272,965","46,411","11,089,159"
2024-12-31,IOS,Sportsbetting,USA,"3,298,851","100,151","29,624,718"
2025-01-01,ANDROID,RMG,USA,"884,550","20,677","14,984,587"
2025-01-01,IOS,RMG,USA,"1,656,183","41,972","9,943,251"
2025-01-01,IOS,Sportsbetting,USA,"3,216,955","89,095","33,475,328"
2025-01-01,ANDROID,Sportsbetting,USA,"1,192,698","36,912","11,189,740"
2025-01-02,ANDROID,RMG,USA,"825,050","13,030","13,552,999"
2025-01-02,IOS,RMG,USA,"1,637,858","44,239","9,439,345"
2025-01-02,IOS,Sportsbetting,USA,"3,715,729","88,956","37,921,449"
2025-01-02,ANDROID,Sportsbetting,USA,"1,451,503","38,015","13,621,048"
2025-01-03,ANDROID,RMG,USA,"844,040","15,066","14,384,756"
2025-01-03,IOS,RMG,USA,"1,522,857","44,113","11,381,505"
2025-01-03,ANDROID,Sportsbetting,USA,"1,184,038","53,219","9,873,519"
2025-01-03,IOS,Sportsbetting,USA,"3,541,169","168,435","35,629,795"
2025-01-04,IOS,RMG,USA,"1,796,304","41,627","11,470,162"
2025-01-04,ANDROID,RMG,USA,"903,128","22,788","13,875,240"
2025-01-04,ANDROID,Sportsbetting,USA,"1,203,546","66,547","12,828,402"
2025-01-04,IOS,Sportsbetting,USA,"3,804,304","263,691","42,814,363"
2025-01-05,IOS,RMG,USA,"1,185,166","42,509","9,383,926"
2025-01-05,ANDROID,RMG,USA,"719,627","14,973","14,468,591"
2025-01-05,ANDROID,Sportsbetting,USA,"1,311,894","36,273","18,329,996"
2025-01-05,IOS,Sportsbetting,USA,"3,531,760","116,472","48,277,752"
2025-01-06,ANDROID,RMG,USA,"675,421","13,258","13,781,332"
2025-01-06,IOS,RMG,USA,"978,556","30,442","8,070,895"
2025-01-06,ANDROID,Sportsbetting,USA,"1,050,375","55,929","9,217,192"
2025-01-06,IOS,Sportsbetting,USA,"3,089,697","116,941","30,535,586"
2025-01-07,IOS,RMG,USA,"1,027,332","28,906","7,496,048"
2025-01-07,ANDROID,RMG,USA,"760,534","16,067","14,271,649"
2025-01-07,ANDROID,Sportsbetting,USA,"942,904","49,368","8,002,394"
2025-01-07,IOS,Sportsbetting,USA,"2,815,564","117,549","25,635,209"
2025-01-08,IOS,RMG,USA,"1,149,520","26,108","8,578,456"
2025-01-08,ANDROID,RMG,USA,"781,090","14,101","14,704,514"
2025-01-08,IOS,Sportsbetting,USA,"2,690,394","101,719","29,550,583"
2025-01-08,ANDROID,Sportsbetting,USA,"897,624","42,965","8,544,301"
2025-01-09,IOS,RMG,USA,"1,159,881","32,057","8,089,294"
2025-01-09,ANDROID,RMG,USA,"736,185","9,300","13,356,191"
2025-01-09,ANDROID,Sportsbetting,USA,"1,060,785","50,818","10,113,674"
2025-01-09,IOS,Sportsbetting,USA,"2,955,218","88,255","32,396,488"
2025-01-10,IOS,RMG,USA,"1,059,078","30,168","9,478,509"
2025-01-10,ANDROID,RMG,USA,"737,401","8,336","14,120,049"
2025-01-10,IOS,Sportsbetting,USA,"3,011,422","126,170","30,883,288"
2025-01-10,ANDROID,Sportsbetting,USA,"898,232","59,009","7,943,668"
2025-01-11,IOS,RMG,USA,"1,205,128","32,167","9,554,024"
2025-01-11,ANDROID,RMG,USA,"791,418","17,460","13,821,477"
2025-01-11,IOS,Sportsbetting,USA,"3,308,987","186,324","38,447,161"
2025-01-11,ANDROID,Sportsbetting,USA,"941,437","64,137","10,929,892"
2025-01-12,ANDROID,RMG,USA,"714,284","12,730","13,145,523"
2025-01-12,IOS,RMG,USA,"1,151,874","29,014","8,226,500"
2025-01-12,IOS,Sportsbetting,USA,"3,640,701","213,249","57,703,236"
2025-01-12,ANDROID,Sportsbetting,USA,"1,158,305","42,217","16,710,149"
2025-01-13,ANDROID,RMG,USA,"667,958","10,647","13,007,683"
2025-01-13,IOS,RMG,USA,"935,001","22,506","8,343,392"
2025-01-13,ANDROID,Sportsbetting,USA,"930,254","50,082","8,497,593"
2025-01-13,IOS,Sportsbetting,USA,"3,120,789","135,789","34,419,757"
2025-01-14,IOS,RMG,USA,"988,096","27,497","7,541,461"
2025-01-14,ANDROID,RMG,USA,"748,633","11,061","13,490,559"
2025-01-14,IOS,Sportsbetting,USA,"2,836,888","108,162","28,061,701"
2025-01-14,ANDROID,Sportsbetting,USA,"833,283","53,083","7,349,967"
2025-01-15,IOS,RMG,USA,"1,049,376","28,032","8,399,769"
2025-01-15,ANDROID,RMG,USA,"765,274","12,551","13,871,571"
2025-01-15,IOS,Sportsbetting,USA,"2,603,114","116,770","31,622,700"
2025-01-15,ANDROID,Sportsbetting,USA,"799,401","38,627","8,189,937"
2025-01-16,IOS,RMG,USA,"1,066,535","27,248","7,562,707"
2025-01-16,ANDROID,RMG,USA,"733,753","9,843","12,701,161"
2025-01-16,IOS,Sportsbetting,USA,"2,820,379","108,278","34,964,997"
2025-01-16,ANDROID,Sportsbetting,USA,"933,287","46,081","9,777,263"
2025-01-17,ANDROID,RMG,USA,"731,155","10,358","13,545,285"
2025-01-17,IOS,RMG,USA,"992,699","30,213","9,185,493"
2025-01-17,IOS,Sportsbetting,USA,"3,048,736","129,001","34,085,797"
2025-01-17,ANDROID,Sportsbetting,USA,"818,297","55,079","7,907,184"
2025-01-18,IOS,RMG,USA,"1,138,385","36,558","8,944,479"
2025-01-18,ANDROID,RMG,USA,"790,586","18,138","13,092,866"
2025-01-18,IOS,Sportsbetting,USA,"3,615,972","247,815","45,395,675"
2025-01-18,ANDROID,Sportsbetting,USA,"876,271","63,286","11,513,229"
2025-01-19,IOS,RMG,USA,"1,024,659","31,995","8,531,072"
2025-01-19,ANDROID,RMG,USA,"687,961","16,087","14,115,670"
2025-01-19,ANDROID,Sportsbetting,USA,"1,093,608","47,545","16,223,290"
2025-01-19,IOS,Sportsbetting,USA,"3,199,740","135,884","52,574,921"
2025-01-20,ANDROID,RMG,USA,"639,713","13,371","14,122,192"
2025-01-20,IOS,RMG,USA,"859,967","26,341","8,576,535"
2025-01-20,ANDROID,Sportsbetting,USA,"876,393","45,176","8,527,909"
2025-01-20,IOS,Sportsbetting,USA,"2,816,088","141,185","34,284,173"
2025-01-21,IOS,RMG,USA,"912,377","25,204","7,689,502"
2025-01-21,ANDROID,RMG,USA,"699,615","11,485","14,333,123"
2025-01-21,IOS,Sportsbetting,USA,"2,534,925","121,053","28,032,622"
2025-01-21,ANDROID,Sportsbetting,USA,"773,647","49,055","7,081,926"
2025-01-22,IOS,RMG,USA,"988,724","21,868","8,689,714"
2025-01-22,ANDROID,RMG,USA,"722,436","10,693","15,225,508"
2025-01-22,IOS,Sportsbetting,USA,"2,299,234","80,313","29,017,031"
2025-01-22,ANDROID,Sportsbetting,USA,"747,061","40,147","7,956,907"
2025-01-23,IOS,RMG,USA,"1,006,592","23,690","8,238,246"
2025-01-23,ANDROID,RMG,USA,"693,039","8,543","13,705,719"
2025-01-23,IOS,Sportsbetting,USA,"2,572,841","126,267","34,085,064"
2025-01-23,ANDROID,Sportsbetting,USA,"861,871","42,093","9,537,655"
2025-01-24,IOS,RMG,USA,"937,173","27,104","9,453,802"
2025-01-24,ANDROID,RMG,USA,"697,424","8,396","14,504,184"
2025-01-24,IOS,Sportsbetting,USA,"2,562,747","87,035","31,261,565"
2025-01-24,ANDROID,Sportsbetting,USA,"776,094","49,662","8,023,685"
2025-01-25,IOS,RMG,USA,"1,085,439","33,033","9,096,914"
2025-01-25,ANDROID,RMG,USA,"735,132","14,596","14,169,554"
2025-01-25,IOS,Sportsbetting,USA,"3,014,531","148,221","40,139,902"
2025-01-25,ANDROID,Sportsbetting,USA,"855,529","60,606","11,808,765"
2025-01-26,IOS,RMG,USA,"925,411","26,495","8,340,543"
2025-01-26,ANDROID,RMG,USA,"669,678","10,612","14,751,307"
2025-01-26,ANDROID,Sportsbetting,USA,"1,062,626","37,890","16,236,363"
2025-01-26,IOS,Sportsbetting,USA,"3,171,029","107,233","48,094,210"
2025-01-27,ANDROID,RMG,USA,"619,683","9,193","15,167,983"
2025-01-27,IOS,RMG,USA,"772,452","22,846","8,416,291"
2025-01-27,ANDROID,Sportsbetting,USA,"852,169","30,189","8,801,095"
2025-01-27,IOS,Sportsbetting,USA,"2,762,857","118,629","33,495,233"
2025-01-28,ANDROID,RMG,USA,"666,508","9,037","14,910,283"
2025-01-28,IOS,RMG,USA,"816,872","23,010","7,640,980"
2025-01-28,ANDROID,Sportsbetting,USA,"741,504","43,972","7,274,299"
2025-01-28,IOS,Sportsbetting,USA,"2,484,961","120,721","27,178,888"
2025-01-29,ANDROID,RMG,USA,"687,118","11,951","15,630,900"
2025-01-29,IOS,RMG,USA,"892,489","23,797","8,509,506"
2025-01-29,IOS,Sportsbetting,USA,"2,337,778","120,620","28,255,485"
2025-01-29,ANDROID,Sportsbetting,USA,"724,360","43,390","7,958,993"
2025-01-30,IOS,RMG,USA,"903,456","25,681","7,812,319"
2025-01-30,ANDROID,RMG,USA,"664,437","10,838","14,460,947"
2025-01-30,ANDROID,Sportsbetting,USA,"824,720","41,448","9,328,053"
2025-01-30,IOS,Sportsbetting,USA,"2,576,157","106,509","34,475,414"
2025-01-31,ANDROID,RMG,USA,"664,450","11,142","14,856,785"
2025-01-31,IOS,RMG,USA,"846,641","28,821","8,831,733"
2025-01-31,ANDROID,Sportsbetting,USA,"751,178","49,930","8,104,197"
2025-01-31,IOS,Sportsbetting,USA,"2,496,699","94,764","31,686,091"
2025-02-01,IOS,RMG,USA,"1,003,959","38,385","8,827,777"
2025-02-01,ANDROID,RMG,USA,"704,824","17,373","15,051,566"
2025-02-01,IOS,Sportsbetting,USA,"3,250,150","243,827","43,255,685"
2025-02-01,ANDROID,Sportsbetting,USA,"829,555","59,243","11,627,552"
2025-02-02,IOS,RMG,USA,"921,343","24,447","8,228,833"
2025-02-02,ANDROID,RMG,USA,"675,905","12,386","16,744,750"
2025-02-02,IOS,Sportsbetting,USA,"2,818,670","67,742","38,351,184"
2025-02-02,ANDROID,Sportsbetting,USA,"1,085,574","38,511","14,743,772"
2025-02-03,ANDROID,RMG,USA,"620,257","11,521","16,660,350"
2025-02-03,IOS,RMG,USA,"773,602","19,776","8,097,397"
2025-02-03,IOS,Sportsbetting,USA,"2,414,599","28,674","26,626,446"
2025-02-03,ANDROID,Sportsbetting,USA,"861,455","40,615","7,983,926"
2025-02-04,ANDROID,RMG,USA,"666,406","12,932","16,246,821"
2025-02-04,IOS,RMG,USA,"826,444","26,095","7,531,169"
2025-02-04,IOS,Sportsbetting,USA,"2,216,011","48,234","22,569,214"
2025-02-04,ANDROID,Sportsbetting,USA,"749,832","32,731","6,906,007"
2025-02-05,ANDROID,RMG,USA,"693,292","15,936","17,240,362"
2025-02-05,IOS,RMG,USA,"903,029","26,512","8,301,654"
2025-02-05,IOS,Sportsbetting,USA,"2,190,454","87,457","24,510,757"
2025-02-05,ANDROID,Sportsbetting,USA,"737,973","36,122","7,689,183"
2025-02-06,ANDROID,RMG,USA,"668,406","9,892","15,904,431"
2025-02-06,IOS,RMG,USA,"917,139","28,099","7,484,331"
2025-02-06,ANDROID,Sportsbetting,USA,"827,474","39,528","8,819,199"
2025-02-06,IOS,Sportsbetting,USA,"2,523,746","141,998","31,441,993"
2025-02-07,ANDROID,RMG,USA,"665,327","11,398","16,755,876"
2025-02-07,IOS,RMG,USA,"862,691","34,092","8,686,275"
2025-02-07,IOS,Sportsbetting,USA,"2,385,702","128,860","29,695,701"
2025-02-07,ANDROID,Sportsbetting,USA,"756,848","59,917","7,691,379"
2025-02-08,IOS,RMG,USA,"1,009,949","41,529","8,957,370"
2025-02-08,ANDROID,RMG,USA,"711,285","17,579","16,977,209"
2025-02-08,ANDROID,Sportsbetting,USA,"832,594","69,230","11,064,345"
2025-02-08,IOS,Sportsbetting,USA,"3,042,591","208,608","39,514,664"
2025-02-09,ANDROID,RMG,USA,"652,267","14,400","15,448,674"
2025-02-09,IOS,RMG,USA,"808,659","27,109","8,050,895"
2025-02-09,ANDROID,Sportsbetting,USA,"1,116,479","56,479","14,404,674"
2025-02-09,IOS,Sportsbetting,USA,"3,330,471","241,992","45,463,326"
2025-02-10,IOS,RMG,USA,"695,550","26,860","8,850,631"
2025-02-10,ANDROID,RMG,USA,"610,532","10,214","14,757,835"
2025-02-10,IOS,Sportsbetting,USA,"2,761,995","179,028","30,307,734"
2025-02-10,ANDROID,Sportsbetting,USA,"880,493","75,429","7,770,328"
2025-02-11,IOS,RMG,USA,"745,419","26,877","7,604,942"
2025-02-11,ANDROID,RMG,USA,"652,943","18,550","14,809,464"
2025-02-11,ANDROID,Sportsbetting,USA,"778,771","85,279","6,753,535"
2025-02-11,IOS,Sportsbetting,USA,"2,567,346","146,398","25,837,018"
2025-02-12,IOS,RMG,USA,"804,828","23,578","8,008,869"
2025-02-12,ANDROID,RMG,USA,"676,626","17,873","15,096,482"
2025-02-12,IOS,Sportsbetting,USA,"2,606,173","122,528","28,757,052"
2025-02-12,ANDROID,Sportsbetting,USA,"765,204","81,938","7,529,111"
2025-02-13,ANDROID,RMG,USA,"650,910","10,977","13,842,523"
2025-02-13,IOS,RMG,USA,"820,322","23,729","7,117,833"
2025-02-13,ANDROID,Sportsbetting,USA,"842,353","86,492","8,581,883"
2025-02-13,IOS,Sportsbetting,USA,"2,838,235","122,712","36,382,493"
2025-02-14,ANDROID,RMG,USA,"647,919","10,194","14,925,796"
2025-02-14,IOS,RMG,USA,"792,493","35,182","8,602,312"
2025-02-14,ANDROID,Sportsbetting,USA,"764,480","73,129","7,411,307"
2025-02-14,IOS,Sportsbetting,USA,"2,793,286","124,450","34,611,882"
2025-02-15,IOS,RMG,USA,"901,404","34,483","8,721,233"
2025-02-15,ANDROID,RMG,USA,"681,105","16,256","15,235,832"
2025-02-15,ANDROID,Sportsbetting,USA,"882,425","62,787","11,089,491"
2025-02-15,IOS,Sportsbetting,USA,"3,511,669","124,991","46,623,995"
2025-02-16,ANDROID,RMG,USA,"669,337","10,439","17,075,698"
2025-02-16,IOS,RMG,USA,"795,702","29,764","7,532,143"
2025-02-16,ANDROID,Sportsbetting,USA,"995,356","30,936","12,230,103"
2025-02-16,IOS,Sportsbetting,USA,"3,005,427","81,534","41,847,385"
2025-02-17,IOS,RMG,USA,"682,265","24,715","8,594,823"
2025-02-17,ANDROID,RMG,USA,"619,804","10,443","16,802,163"
2025-02-17,IOS,Sportsbetting,USA,"2,441,978","83,764","28,254,309"
2025-02-17,ANDROID,Sportsbetting,USA,"769,404","33,891","6,517,961"
2025-02-18,IOS,RMG,USA,"726,382","21,067","7,246,896"
2025-02-18,ANDROID,RMG,USA,"661,655","5,535","16,742,403"
2025-02-18,IOS,Sportsbetting,USA,"2,233,181","89,107","23,756,941"
2025-02-18,ANDROID,Sportsbetting,USA,"665,921","25,780","5,650,607"
2025-02-19,ANDROID,RMG,USA,"681,771","7,974","17,045,381"
2025-02-19,IOS,RMG,USA,"777,318","23,274","7,750,545"
2025-02-19,ANDROID,Sportsbetting,USA,"663,215","27,913","6,411,975"
2025-02-19,IOS,Sportsbetting,USA,"2,317,041","98,635","25,789,001"
2025-02-20,IOS,RMG,USA,"798,983","23,519","6,683,285"
2025-02-20,ANDROID,RMG,USA,"661,598","7,671","15,877,386"
2025-02-20,ANDROID,Sportsbetting,USA,"720,145","27,331","7,161,930"
2025-02-20,IOS,Sportsbetting,USA,"2,619,610","128,982","34,983,669"
2025-02-21,ANDROID,RMG,USA,"652,076","7,240","16,434,148"
2025-02-21,IOS,RMG,USA,"778,943","28,177","8,523,821"
2025-02-21,ANDROID,Sportsbetting,USA,"648,821","34,945","6,041,491"
2025-02-21,IOS,Sportsbetting,USA,"2,512,208","100,482","32,505,714"
2025-02-22,ANDROID,RMG,USA,"698,414","12,721","17,369,201"
2025-02-22,IOS,RMG,USA,"882,926","33,765","7,777,530"
2025-02-22,ANDROID,Sportsbetting,USA,"753,976","41,869","9,022,243"
2025-02-22,IOS,Sportsbetting,USA,"3,032,038","193,743","41,747,882"
2025-02-23,IOS,RMG,USA,"833,888","29,959","7,921,083"
2025-02-23,ANDROID,RMG,USA,"683,346","9,531","14,561,392"
2025-02-23,ANDROID,Sportsbetting,USA,"962,786","24,298","14,950,910"
2025-02-23,IOS,Sportsbetting,USA,"2,519,773","39,202","36,486,977"
2025-02-24,IOS,RMG,USA,"712,292","21,976","8,844,343"
2025-02-24,ANDROID,RMG,USA,"626,525","8,633","14,081,002"
2025-02-24,ANDROID,Sportsbetting,USA,"744,520","18,492","7,527,295"
2025-02-24,IOS,Sportsbetting,USA,"2,221,682","62,047","26,023,726"
2025-02-25,ANDROID,RMG,USA,"669,676","9,707","13,888,148"
2025-02-25,IOS,RMG,USA,"751,972","26,330","7,548,374"
2025-02-25,IOS,Sportsbetting,USA,"2,003,213","64,859","22,260,505"
2025-02-25,ANDROID,Sportsbetting,USA,"654,656","16,127","6,992,771"
2025-02-26,IOS,RMG,USA,"794,689","26,454","7,933,789"
2025-02-26,ANDROID,RMG,USA,"681,941","10,415","14,316,964"
2025-02-26,IOS,Sportsbetting,USA,"2,077,194","86,318","23,344,260"
2025-02-26,ANDROID,Sportsbetting,USA,"645,951","21,229","7,784,798"
2025-02-27,ANDROID,RMG,USA,"674,829","7,492","13,487,550"
2025-02-27,IOS,RMG,USA,"828,760","29,230","7,049,019"
2025-02-27,ANDROID,Sportsbetting,USA,"687,263","28,559","8,361,682"
2025-02-27,IOS,Sportsbetting,USA,"2,243,937","101,197","30,851,189"
2025-02-28,ANDROID,RMG,USA,"664,913","8,800","13,763,129"
2025-02-28,IOS,RMG,USA,"805,568","32,425","8,674,923"
2025-02-28,IOS,Sportsbetting,USA,"2,078,946","72,655","28,623,991"
2025-02-28,ANDROID,Sportsbetting,USA,"628,250","37,199","7,536,072"
2025-03-01,ANDROID,RMG,USA,"702,869","16,302","14,704,179"
2025-03-01,IOS,RMG,USA,"887,019","33,414","7,810,422"
2025-03-01,IOS,Sportsbetting,USA,"2,348,339","54,561","33,996,557"
2025-03-01,ANDROID,Sportsbetting,USA,"730,767","50,382","11,596,809"
2025-03-02,IOS,RMG,USA,"848,785","28,755","7,968,495"
2025-03-02,ANDROID,RMG,USA,"701,434","14,049","16,267,325"
2025-03-02,IOS,Sportsbetting,USA,"2,626,663","45,913","38,733,245"
2025-03-02,ANDROID,Sportsbetting,USA,"955,302","24,833","15,781,866"
2025-03-03,IOS,RMG,USA,"708,594","18,347","8,500,459"
2025-03-03,ANDROID,RMG,USA,"651,100","10,999","15,710,087"
2025-03-03,ANDROID,Sportsbetting,USA,"736,459","23,692","7,863,195"
2025-03-03,IOS,Sportsbetting,USA,"2,417,712","74,568","26,769,429"
2025-03-04,IOS,RMG,USA,"751,183","20,569","7,332,437"
2025-03-04,ANDROID,RMG,USA,"687,530","8,860","15,593,635"
2025-03-04,ANDROID,Sportsbetting,USA,"646,598","22,174","7,418,006"
2025-03-04,IOS,Sportsbetting,USA,"2,274,090","113,556","25,633,976"
2025-03-05,ANDROID,RMG,USA,"699,270","11,112","16,031,723"
2025-03-05,IOS,RMG,USA,"803,595","20,643","7,866,469"
2025-03-05,IOS,Sportsbetting,USA,"2,316,899","90,701","25,456,431"
2025-03-05,ANDROID,Sportsbetting,USA,"647,928","23,218","8,298,718"
2025-03-06,IOS,RMG,USA,"833,561","21,115","7,344,203"
2025-03-06,ANDROID,RMG,USA,"695,104","6,446","15,383,512"
2025-03-06,IOS,Sportsbetting,USA,"2,524,136","111,382","34,047,400"
2025-03-06,ANDROID,Sportsbetting,USA,"672,008","29,090","8,798,731"
2025-03-07,IOS,RMG,USA,"805,737","28,172","8,619,465"
2025-03-07,ANDROID,RMG,USA,"687,461","7,621","15,179,834"
2025-03-07,IOS,Sportsbetting,USA,"2,306,657","100,375","31,702,329"
2025-03-07,ANDROID,Sportsbetting,USA,"623,601","35,091","8,350,020"
2025-03-08,IOS,RMG,USA,"889,074","29,802","7,979,200"
2025-03-08,ANDROID,RMG,USA,"720,095","14,586","16,492,848"
2025-03-08,IOS,Sportsbetting,USA,"2,764,474","148,530","38,852,575"
2025-03-08,ANDROID,Sportsbetting,USA,"733,124","44,005","12,519,563"
2025-03-09,ANDROID,RMG,USA,"690,013","10,456","15,091,030"
2025-03-09,IOS,RMG,USA,"905,319","22,764","7,368,956"
2025-03-09,ANDROID,Sportsbetting,USA,"955,881","21,374","15,897,919"
2025-03-09,IOS,Sportsbetting,USA,"2,300,477","76,739","33,786,445"
2025-03-10,IOS,RMG,USA,"756,830","20,036","7,901,530"
2025-03-10,ANDROID,RMG,USA,"636,250","9,006","14,635,603"
2025-03-10,IOS,Sportsbetting,USA,"2,128,133","68,147","23,325,067"
2025-03-10,ANDROID,Sportsbetting,USA,"745,328","22,003","8,127,115"
2025-03-11,IOS,RMG,USA,"802,707","18,661","7,209,529"
2025-03-11,ANDROID,RMG,USA,"686,067","9,379","14,625,697"
2025-03-11,ANDROID,Sportsbetting,USA,"658,474","22,020","7,609,321"
2025-03-11,IOS,Sportsbetting,USA,"2,079,352","89,414","23,733,815"
2025-03-12,IOS,RMG,USA,"854,733","17,439","7,506,790"
2025-03-12,ANDROID,RMG,USA,"688,569","10,330","15,173,134"
2025-03-12,ANDROID,Sportsbetting,USA,"661,240","21,425","8,526,791"
2025-03-12,IOS,Sportsbetting,USA,"1,992,299","47,130","21,958,780"
2025-03-13,ANDROID,RMG,USA,"688,076","6,155","14,279,714"
2025-03-13,IOS,RMG,USA,"894,381","23,475","7,209,540"
2025-03-13,ANDROID,Sportsbetting,USA,"667,951","26,476","8,813,628"
2025-03-13,IOS,Sportsbetting,USA,"2,099,679","54,958","28,430,646"
2025-03-14,ANDROID,RMG,USA,"677,354","6,876","14,083,533"
2025-03-14,IOS,RMG,USA,"863,438","26,974","8,571,875"
2025-03-14,IOS,Sportsbetting,USA,"2,128,027","105,008","28,947,690"
2025-03-14,ANDROID,Sportsbetting,USA,"634,288","36,315","8,442,922"
2025-03-15,IOS,RMG,USA,"935,782","26,524","7,759,058"
2025-03-15,ANDROID,RMG,USA,"708,707","12,535","15,515,075"
2025-03-15,IOS,Sportsbetting,USA,"2,254,610","61,662","31,140,690"
2025-03-15,ANDROID,Sportsbetting,USA,"757,517","42,232","12,611,230"
2025-03-16,ANDROID,RMG,USA,"692,864","10,556","11,826,536"
2025-03-16,IOS,RMG,USA,"919,717","26,324","6,833,785"
2025-03-16,ANDROID,Sportsbetting,USA,"1,017,585","20,698","15,436,623"
2025-03-16,IOS,Sportsbetting,USA,"2,705,380","78,326","36,384,138"
2025-03-17,IOS,RMG,USA,"769,246","21,326","7,201,361"
2025-03-17,ANDROID,RMG,USA,"643,548","4,350","11,276,544"
2025-03-17,IOS,Sportsbetting,USA,"2,471,987","97,131","24,768,776"
2025-03-17,ANDROID,Sportsbetting,USA,"803,615","17,612","8,136,188"
2025-03-18,IOS,RMG,USA,"797,187","20,644","6,799,255"
2025-03-18,ANDROID,RMG,USA,"683,095","8,964","11,542,322"
2025-03-18,IOS,Sportsbetting,USA,"2,478,851","145,126","26,257,042"
2025-03-18,ANDROID,Sportsbetting,USA,"712,430","19,164","7,745,968"
2025-03-19,IOS,RMG,USA,"848,707","21,258","6,868,169"
2025-03-19,ANDROID,RMG,USA,"682,966","9,992","11,745,992"
2025-03-19,ANDROID,Sportsbetting,USA,"725,217","24,908","8,901,496"
2025-03-19,IOS,Sportsbetting,USA,"2,267,165","126,864","22,876,544"
2025-03-20,ANDROID,RMG,USA,"692,635","5,112","11,210,836"
2025-03-20,IOS,RMG,USA,"889,490","21,415","6,453,848"
2025-03-20,ANDROID,Sportsbetting,USA,"711,219","26,198","8,848,781"
2025-03-20,IOS,Sportsbetting,USA,"2,353,551","141,638","28,964,422"
2025-03-21,ANDROID,RMG,USA,"676,736","6,668","10,999,685"
2025-03-21,IOS,RMG,USA,"860,257","23,236","7,331,699"
2025-03-21,ANDROID,Sportsbetting,USA,"683,562","38,995","8,706,323"
2025-03-21,IOS,Sportsbetting,USA,"2,563,320","175,151","31,130,835"
2025-03-22,IOS,RMG,USA,"942,519","27,739","7,096,712"
2025-03-22,ANDROID,RMG,USA,"703,712","10,602","12,065,941"
2025-03-22,IOS,Sportsbetting,USA,"2,688,046","117,821","34,465,731"
2025-03-22,ANDROID,Sportsbetting,USA,"804,347","46,273","12,625,070"
2025-03-23,IOS,RMG,USA,"908,768","25,410","6,797,305"
2025-03-23,ANDROID,RMG,USA,"746,919","9,874","14,025,133"
2025-03-23,IOS,Sportsbetting,USA,"2,658,527","120,974","34,470,007"
2025-03-23,ANDROID,Sportsbetting,USA,"978,348","29,870","13,652,093"
2025-03-24,ANDROID,RMG,USA,"691,921","9,997","13,288,121"
2025-03-24,IOS,RMG,USA,"770,304","18,727","7,246,959"
2025-03-24,IOS,Sportsbetting,USA,"2,433,975","129,691","24,494,680"
2025-03-24,ANDROID,Sportsbetting,USA,"796,333","28,855","7,699,056"
2025-03-25,ANDROID,RMG,USA,"717,296","4,043","13,567,069"
2025-03-25,IOS,RMG,USA,"789,190","21,847","6,793,056"
2025-03-25,ANDROID,Sportsbetting,USA,"705,864","20,852","7,299,211"
2025-03-25,IOS,Sportsbetting,USA,"2,364,188","135,343","25,412,533"
2025-03-26,IOS,RMG,USA,"842,488","20,360","6,859,361"
2025-03-26,ANDROID,RMG,USA,"709,761","9,642","13,937,915"
2025-03-26,ANDROID,Sportsbetting,USA,"688,334","25,194","7,573,515"
2025-03-26,IOS,Sportsbetting,USA,"2,006,738","53,344","20,237,421"
2025-03-27,IOS,RMG,USA,"890,579","21,442","6,374,138"
2025-03-27,ANDROID,RMG,USA,"733,841","5,902","13,384,126"
2025-03-27,ANDROID,Sportsbetting,USA,"699,328","25,663","8,116,630"
2025-03-27,IOS,Sportsbetting,USA,"2,159,063","77,731","27,036,290"
2025-03-28,IOS,RMG,USA,"839,888","26,458","7,122,131"
2025-03-28,ANDROID,RMG,USA,"703,611","7,293","13,233,306"
2025-03-28,IOS,Sportsbetting,USA,"2,466,841","123,889","29,960,239"
2025-03-28,ANDROID,Sportsbetting,USA,"685,078","33,634","8,085,654"
2025-03-29,ANDROID,RMG,USA,"721,200","13,753","14,224,556"
2025-03-29,IOS,RMG,USA,"920,821","27,635","6,964,655"
2025-03-29,ANDROID,Sportsbetting,USA,"776,614","42,179","11,205,068"
2025-03-29,IOS,Sportsbetting,USA,"2,368,913","89,026","30,436,424"
2025-03-30,ANDROID,RMG,USA,"730,171","10,794","16,095,682"
2025-03-30,IOS,RMG,USA,"877,073","28,728","6,423,317"
2025-03-30,IOS,Sportsbetting,USA,"2,401,450","74,421","32,242,967"
2025-03-30,ANDROID,Sportsbetting,USA,"991,146","19,640","13,761,325"
2025-03-31,IOS,RMG,USA,"717,509","23,504","6,792,764"
2025-03-31,ANDROID,RMG,USA,"683,510","10,235","15,539,370"
2025-03-31,ANDROID,Sportsbetting,USA,"803,842","23,456","7,819,015"
2025-03-31,IOS,Sportsbetting,USA,"2,131,588","55,407","23,215,199"
2025-04-01,IOS,RMG,USA,"741,950","21,633","6,515,303"
2025-04-01,ANDROID,RMG,USA,"712,684","7,591","15,492,637"
2025-04-01,IOS,Sportsbetting,USA,"2,028,074","52,003","23,663,363"
2025-04-01,ANDROID,Sportsbetting,USA,"714,984","28,407","7,816,634"
2025-04-02,IOS,RMG,USA,"796,830","20,856","6,505,753"
2025-04-02,ANDROID,RMG,USA,"714,384","7,073","15,756,204"
2025-04-02,IOS,Sportsbetting,USA,"1,872,468","47,536","19,904,001"
2025-04-02,ANDROID,Sportsbetting,USA,"724,901","23,227","8,012,155"
2025-04-03,ANDROID,RMG,USA,"725,015","12,766","15,613,422"
2025-04-03,IOS,RMG,USA,"823,597","20,223","5,869,999"
2025-04-03,ANDROID,Sportsbetting,USA,"753,592","25,370","8,976,825"
2025-04-03,IOS,Sportsbetting,USA,"1,998,634","46,756","26,136,889"
2025-04-04,IOS,RMG,USA,"773,436","23,109","6,539,585"
2025-04-04,ANDROID,RMG,USA,"704,454","7,778","15,468,635"
2025-04-04,ANDROID,Sportsbetting,USA,"754,189","35,171","9,165,293"
2025-04-04,IOS,Sportsbetting,USA,"2,217,406","65,884","28,436,637"
2025-04-05,ANDROID,RMG,USA,"714,774","14,035","16,028,391"
2025-04-05,IOS,RMG,USA,"865,878","31,837","6,651,216"
2025-04-05,ANDROID,Sportsbetting,USA,"838,817","41,574","12,257,017"
2025-04-05,IOS,Sportsbetting,USA,"2,164,673","58,711","30,482,082"
2025-04-06,IOS,RMG,USA,"822,199","24,886","6,378,925"
2025-04-06,ANDROID,RMG,USA,"707,468","11,535","17,215,068"
2025-04-06,IOS,Sportsbetting,USA,"2,525,792","68,504","33,609,975"
2025-04-06,ANDROID,Sportsbetting,USA,"928,450","15,860","12,709,571"
2025-04-07,ANDROID,RMG,USA,"667,578","8,002","15,835,696"
2025-04-07,IOS,RMG,USA,"679,025","17,554","6,327,941"
2025-04-07,ANDROID,Sportsbetting,USA,"765,488","25,872","7,973,175"
2025-04-07,IOS,Sportsbetting,USA,"2,173,293","49,782","24,392,203"
2025-04-08,ANDROID,RMG,USA,"685,814","7,086","15,803,294"
2025-04-08,IOS,RMG,USA,"700,070","16,973","6,415,476"
2025-04-08,IOS,Sportsbetting,USA,"2,098,541","77,954","24,845,982"
2025-04-08,ANDROID,Sportsbetting,USA,"698,033","24,063","7,661,420"
2025-04-09,ANDROID,RMG,USA,"697,276","9,648","16,061,047"
2025-04-09,IOS,RMG,USA,"758,172","18,912","6,294,016"
2025-04-09,IOS,Sportsbetting,USA,"1,923,679","59,623","21,521,047"
2025-04-09,ANDROID,Sportsbetting,USA,"704,563","31,505","8,038,248"
2025-04-10,ANDROID,RMG,USA,"694,019","6,976","15,892,941"
2025-04-10,IOS,RMG,USA,"780,412","20,367","5,810,562"
2025-04-10,ANDROID,Sportsbetting,USA,"727,687","27,441","8,763,397"
2025-04-10,IOS,Sportsbetting,USA,"2,052,792","65,938","27,831,573"
2025-04-11,ANDROID,RMG,USA,"684,998","8,735","15,472,977"
2025-04-11,IOS,RMG,USA,"737,440","21,658","6,480,791"
2025-04-11,ANDROID,Sportsbetting,USA,"734,535","35,487","9,152,493"
2025-04-11,IOS,Sportsbetting,USA,"2,272,596","82,214","30,279,315"
2025-04-12,IOS,RMG,USA,"816,746","23,795","6,615,936"
2025-04-12,ANDROID,RMG,USA,"681,745","15,181","16,499,829"
2025-04-12,ANDROID,Sportsbetting,USA,"800,581","42,639","11,510,423"
2025-04-12,IOS,Sportsbetting,USA,"2,314,778","93,090","33,199,177"
2025-04-13,ANDROID,RMG,USA,"720,456","12,897","15,015,263"
2025-04-13,IOS,RMG,USA,"796,912","20,563","6,181,522"
2025-04-13,ANDROID,Sportsbetting,USA,"872,733","17,619","12,010,540"
2025-04-13,IOS,Sportsbetting,USA,"2,193,965","53,053","29,660,871"
2025-04-14,IOS,RMG,USA,"665,664","16,727","6,296,391"
2025-04-14,ANDROID,RMG,USA,"681,469","10,149","13,789,241"
2025-04-14,ANDROID,Sportsbetting,USA,"723,039","21,771","7,410,707"
2025-04-14,IOS,Sportsbetting,USA,"1,913,836","57,974","20,795,082"
2025-04-15,ANDROID,RMG,USA,"704,666","10,787","13,726,332"
2025-04-15,IOS,RMG,USA,"692,153","19,366","6,649,567"
2025-04-15,IOS,Sportsbetting,USA,"1,807,980","45,389","20,814,613"
2025-04-15,ANDROID,Sportsbetting,USA,"662,346","23,584","7,401,365"
2025-04-16,ANDROID,RMG,USA,"709,938","9,210","13,909,896"
2025-04-16,IOS,RMG,USA,"741,108","19,374","6,251,610"
2025-04-16,ANDROID,Sportsbetting,USA,"671,364","21,750","7,813,437"
2025-04-16,IOS,Sportsbetting,USA,"1,771,096","46,114","19,850,058"
2025-04-17,ANDROID,RMG,USA,"711,775","9,006","14,102,415"
2025-04-17,IOS,RMG,USA,"771,523","19,788","5,635,848"
2025-04-17,IOS,Sportsbetting,USA,"1,864,597","45,548","26,360,253"
2025-04-17,ANDROID,Sportsbetting,USA,"700,952","23,611","8,522,044"
2025-04-18,ANDROID,RMG,USA,"706,040","6,532","13,887,735"
2025-04-18,IOS,RMG,USA,"725,076","20,805","6,555,450"
2025-04-18,IOS,Sportsbetting,USA,"2,084,284","80,347","28,029,233"
2025-04-18,ANDROID,Sportsbetting,USA,"706,424","33,287","9,098,064"
2025-04-19,IOS,RMG,USA,"808,774","22,040","6,729,213"
2025-04-19,ANDROID,RMG,USA,"702,239","13,643","14,404,800"
2025-04-19,ANDROID,Sportsbetting,USA,"737,363","40,320","10,754,278"
2025-04-19,IOS,Sportsbetting,USA,"2,082,917","57,950","30,049,238"
2025-04-20,ANDROID,RMG,USA,"711,632","9,948","13,232,716"
2025-04-20,IOS,RMG,USA,"892,864","22,912","6,327,074"
2025-04-20,ANDROID,Sportsbetting,USA,"859,933","11,675","11,742,171"
2025-04-20,IOS,Sportsbetting,USA,"2,141,776","54,216","28,894,950"
2025-04-21,IOS,RMG,USA,"777,381","21,974","6,487,815"
2025-04-21,ANDROID,RMG,USA,"682,310","8,127","11,925,608"
2025-04-21,ANDROID,Sportsbetting,USA,"712,329","9,988","6,977,681"
2025-04-21,IOS,Sportsbetting,USA,"1,960,245","69,679","21,304,301"
2025-04-22,IOS,RMG,USA,"795,195","19,256","6,737,048"
2025-04-22,ANDROID,RMG,USA,"704,132","7,414","12,072,378"
2025-04-22,ANDROID,Sportsbetting,USA,"670,225","20,434","7,443,792"
2025-04-22,IOS,Sportsbetting,USA,"1,837,556","60,239","21,643,964"
2025-04-23,ANDROID,RMG,USA,"708,651","10,942","12,370,908"
2025-04-23,IOS,RMG,USA,"860,330","20,059","6,189,149"
2025-04-23,IOS,Sportsbetting,USA,"1,781,359","51,331","21,048,409"
2025-04-23,ANDROID,Sportsbetting,USA,"678,004","24,250","8,202,224"
2025-04-24,IOS,RMG,USA,"890,685","21,927","5,986,918"
2025-04-24,ANDROID,RMG,USA,"704,141","7,152","12,325,766"
2025-04-24,ANDROID,Sportsbetting,USA,"704,488","24,944","8,600,677"
2025-04-24,IOS,Sportsbetting,USA,"1,888,357","47,895","26,109,367"
2025-04-25,ANDROID,RMG,USA,"712,045","7,800","12,618,188"
2025-04-25,IOS,RMG,USA,"833,947","20,923","7,314,900"
2025-04-25,IOS,Sportsbetting,USA,"2,123,647","64,059","27,807,386"
2025-04-25,ANDROID,Sportsbetting,USA,"717,115","33,081","9,389,072"
2025-04-26,ANDROID,RMG,USA,"704,242","20,851","12,556,891"
2025-04-26,IOS,RMG,USA,"902,023","22,487","7,038,604"
2025-04-26,ANDROID,Sportsbetting,USA,"748,674","46,627","10,990,888"
2025-04-26,IOS,Sportsbetting,USA,"2,175,315","65,246","30,599,590"
2025-04-27,IOS,RMG,USA,"834,394","19,629","5,802,359"
2025-04-27,ANDROID,RMG,USA,"707,538","4,951","16,715,234"
2025-04-27,ANDROID,Sportsbetting,USA,"848,719","16,700","11,499,178"
2025-04-27,IOS,Sportsbetting,USA,"2,176,707","62,034","32,287,969"
2025-04-28,IOS,RMG,USA,"736,677","17,012","6,334,882"
2025-04-28,ANDROID,RMG,USA,"677,692","7,013","15,261,990"
2025-04-28,ANDROID,Sportsbetting,USA,"728,098","12,101","7,620,658"
2025-04-28,IOS,Sportsbetting,USA,"2,008,996","51,817","23,168,881"
2025-04-29,ANDROID,RMG,USA,"693,463","6,665","15,550,688"
2025-04-29,IOS,RMG,USA,"739,368","15,769","6,378,672"
2025-04-29,IOS,Sportsbetting,USA,"1,840,838","50,349","23,018,851"
2025-04-29,ANDROID,Sportsbetting,USA,"697,162","15,130","8,102,388"
2025-04-30,IOS,RMG,USA,"802,690","18,890","5,771,740"
2025-04-30,ANDROID,RMG,USA,"699,867","9,541","16,270,381"
2025-04-30,ANDROID,Sportsbetting,USA,"695,955","20,123","8,417,323"
2025-04-30,IOS,Sportsbetting,USA,"1,838,694","54,060","22,771,907"
2025-05-01,ANDROID,RMG,USA,"699,942","7,228","16,147,584"
2025-05-01,IOS,RMG,USA,"838,042","21,556","5,849,363"
2025-05-01,ANDROID,Sportsbetting,USA,"727,704","26,063","9,316,896"
2025-05-01,IOS,Sportsbetting,USA,"2,005,167","68,307","29,174,815"
2025-05-02,IOS,RMG,USA,"781,083","21,982","6,954,242"
2025-05-02,ANDROID,RMG,USA,"708,228","6,295","16,185,580"
2025-05-02,IOS,Sportsbetting,USA,"2,215,950","70,118","28,982,676"
2025-05-02,ANDROID,Sportsbetting,USA,"740,422","36,972","9,703,092"
2025-05-03,ANDROID,RMG,USA,"695,264","13,608","16,340,610"
2025-05-03,IOS,RMG,USA,"854,583","27,563","6,791,398"
2025-05-03,IOS,Sportsbetting,USA,"2,313,402","97,738","33,720,934"
2025-05-03,ANDROID,Sportsbetting,USA,"768,347","46,528","10,855,577"
2025-05-04,IOS,RMG,USA,"870,417","25,150","6,111,037"
2025-05-04,ANDROID,RMG,USA,"722,513","10,128","17,457,780"
2025-05-04,IOS,Sportsbetting,USA,"2,196,377","129,232","32,354,423"
2025-05-04,ANDROID,Sportsbetting,USA,"883,734","18,109","11,611,475"
2025-05-05,ANDROID,RMG,USA,"694,808","8,498","15,811,158"
2025-05-05,IOS,RMG,USA,"768,883","19,967","6,088,414"
2025-05-05,IOS,Sportsbetting,USA,"1,895,054","53,222","22,011,841"
2025-05-05,ANDROID,Sportsbetting,USA,"758,436","47,897","7,449,949"
2025-05-06,ANDROID,RMG,USA,"710,158","9,324","16,314,047"
2025-05-06,IOS,RMG,USA,"768,164","21,680","6,744,163"
2025-05-06,IOS,Sportsbetting,USA,"1,823,248","51,947","22,473,450"
2025-05-06,ANDROID,Sportsbetting,USA,"731,384","49,897","8,160,077"
2025-05-07,ANDROID,RMG,USA,"712,757","10,171","17,234,381"
2025-05-07,IOS,RMG,USA,"825,463","22,499","6,004,685"
2025-05-07,ANDROID,Sportsbetting,USA,"733,440","53,751","8,489,968"
2025-05-07,IOS,Sportsbetting,USA,"1,835,412","51,300","22,076,702"
2025-05-08,ANDROID,RMG,USA,"714,342","9,677","17,140,897"
2025-05-08,IOS,RMG,USA,"864,948","23,160","6,443,359"
2025-05-08,IOS,Sportsbetting,USA,"1,948,669","40,923","25,920,681"
2025-05-08,ANDROID,Sportsbetting,USA,"762,143","31,642","9,177,783"
2025-05-09,ANDROID,RMG,USA,"724,636","7,846","16,880,563"
2025-05-09,IOS,RMG,USA,"815,347","26,838","7,296,485"
2025-05-09,IOS,Sportsbetting,USA,"2,137,325","67,539","28,301,582"
2025-05-09,ANDROID,Sportsbetting,USA,"771,396","39,253","9,863,340"
2025-05-10,ANDROID,RMG,USA,"711,111","15,936","17,391,509"
2025-05-10,IOS,RMG,USA,"893,563","27,689","7,316,073"
2025-05-10,ANDROID,Sportsbetting,USA,"806,068","45,828","11,268,682"
2025-05-10,IOS,Sportsbetting,USA,"2,304,183","62,411","33,653,184"
2025-05-11,ANDROID,RMG,USA,"692,528","12,278","14,847,976"
2025-05-11,IOS,RMG,USA,"840,290","26,787","5,883,856"
2025-05-11,IOS,Sportsbetting,USA,"1,844,132","60,091","24,811,862"
2025-05-11,ANDROID,Sportsbetting,USA,"771,986","20,164","10,536,930"
2025-05-12,ANDROID,RMG,USA,"665,467","5,162","13,152,589"
2025-05-12,IOS,RMG,USA,"740,311","24,521","5,907,915"
2025-05-12,ANDROID,Sportsbetting,USA,"710,593","14,576","7,368,242"
2025-05-12,IOS,Sportsbetting,USA,"1,655,875","51,552","16,970,867"
2025-05-13,ANDROID,RMG,USA,"679,745","8,670","14,032,306"
2025-05-13,IOS,RMG,USA,"751,255","24,909","6,750,312"
2025-05-13,IOS,Sportsbetting,USA,"1,718,537","63,817","20,288,021"
2025-05-13,ANDROID,Sportsbetting,USA,"701,927","13,732","8,055,492"
2025-05-14,ANDROID,RMG,USA,"683,914","9,984","14,435,552"
2025-05-14,IOS,RMG,USA,"800,912","25,170","5,873,481"
2025-05-14,IOS,Sportsbetting,USA,"1,672,979","50,813","19,113,789"
2025-05-14,ANDROID,Sportsbetting,USA,"715,281","19,859","8,648,604"
2025-05-15,ANDROID,RMG,USA,"682,685","9,224","14,525,479"
2025-05-15,IOS,RMG,USA,"834,229","25,977","6,529,135"
2025-05-15,ANDROID,Sportsbetting,USA,"733,425","24,581","9,252,684"
2025-05-15,IOS,Sportsbetting,USA,"1,742,809","43,921","22,860,723"
2025-05-16,IOS,RMG,USA,"804,734","28,871","6,749,076"
2025-05-16,ANDROID,RMG,USA,"696,337","6,869","14,274,222"
2025-05-16,IOS,Sportsbetting,USA,"1,922,707","65,158","23,358,123"
2025-05-16,ANDROID,Sportsbetting,USA,"749,669","34,789","10,043,147"
2025-05-17,ANDROID,RMG,USA,"684,058","12,439","14,301,360"
2025-05-17,IOS,RMG,USA,"879,113","30,727","7,407,337"
2025-05-17,ANDROID,Sportsbetting,USA,"780,610","40,109","11,051,574"
2025-05-17,IOS,Sportsbetting,USA,"1,991,412","67,390","25,717,058"
2025-05-18,ANDROID,RMG,USA,"686,363","11,311","11,700,233"
2025-05-18,IOS,RMG,USA,"772,861","25,957","5,722,022"
2025-05-18,ANDROID,Sportsbetting,USA,"753,261","17,259","9,458,439"
2025-05-18,IOS,Sportsbetting,USA,"1,715,335","53,607","24,264,756"
2025-05-19,ANDROID,RMG,USA,"657,859","10,686","10,791,509"
2025-05-19,IOS,RMG,USA,"667,363","20,454","5,825,164"
2025-05-19,ANDROID,Sportsbetting,USA,"704,432","20,806","6,904,238"
2025-05-19,IOS,Sportsbetting,USA,"1,521,350","37,794","16,599,261"
2025-05-20,IOS,RMG,USA,"687,163","20,430","6,842,048"
2025-05-20,ANDROID,RMG,USA,"672,014","10,862","11,642,303"
2025-05-20,ANDROID,Sportsbetting,USA,"698,852","37,067","7,595,052"
2025-05-20,IOS,Sportsbetting,USA,"1,604,933","39,584","19,085,358"
2025-05-21,IOS,RMG,USA,"738,081","23,950","6,060,403"
2025-05-21,ANDROID,RMG,USA,"678,151","9,169","11,987,550"
2025-05-21,ANDROID,Sportsbetting,USA,"714,199","17,919","8,116,352"
2025-05-21,IOS,Sportsbetting,USA,"1,556,045","41,847","19,063,817"
2025-05-22,ANDROID,RMG,USA,"671,357","8,848","11,793,516"
2025-05-22,IOS,RMG,USA,"759,122","25,229","6,645,403"
2025-05-22,ANDROID,Sportsbetting,USA,"713,733","24,866","8,621,700"
2025-05-22,IOS,Sportsbetting,USA,"1,584,071","44,216","21,473,454"
2025-05-23,ANDROID,RMG,USA,"685,610","6,350","11,683,230"
2025-05-23,IOS,RMG,USA,"737,362","26,997","6,834,705"
2025-05-23,IOS,Sportsbetting,USA,"1,798,675","56,458","22,078,561"
2025-05-23,ANDROID,Sportsbetting,USA,"734,793","31,290","9,286,191"
2025-05-24,IOS,RMG,USA,"802,377","26,889","7,392,242"
2025-05-24,ANDROID,RMG,USA,"685,499","10,903","11,652,021"
2025-05-24,ANDROID,Sportsbetting,USA,"760,283","37,395","10,184,418"
2025-05-24,IOS,Sportsbetting,USA,"1,851,094","59,013","25,504,270"
2025-05-25,IOS,RMG,USA,"824,132","27,999","5,869,866"
2025-05-25,ANDROID,RMG,USA,"723,551","8,907","14,711,708"
2025-05-25,ANDROID,Sportsbetting,USA,"740,074","16,569","9,706,053"
2025-05-25,IOS,Sportsbetting,USA,"1,702,816","49,366","23,048,612"
2025-05-26,ANDROID,RMG,USA,"685,964","7,619","13,577,126"
2025-05-26,IOS,RMG,USA,"716,942","26,537","6,234,690"
2025-05-26,IOS,Sportsbetting,USA,"1,543,150","44,083","16,212,975"
2025-05-26,ANDROID,Sportsbetting,USA,"701,152","19,420","7,047,904"
2025-05-27,IOS,RMG,USA,"729,461","22,362","7,011,749"
2025-05-27,ANDROID,RMG,USA,"703,439","8,017","14,661,620"
2025-05-27,ANDROID,Sportsbetting,USA,"692,561","29,110","7,602,151"
2025-05-27,IOS,Sportsbetting,USA,"1,586,579","52,804","18,324,574"
2025-05-28,ANDROID,RMG,USA,"708,031","7,386","15,079,507"
2025-05-28,IOS,RMG,USA,"795,246","27,537","6,189,268"
2025-05-28,IOS,Sportsbetting,USA,"1,524,493","45,998","18,116,843"
2025-05-28,ANDROID,Sportsbetting,USA,"709,485","17,307","8,663,316"
2025-05-29,IOS,RMG,USA,"816,337","26,355","6,645,949"
2025-05-29,ANDROID,RMG,USA,"701,948","7,659","14,796,479"
2025-05-29,IOS,Sportsbetting,USA,"1,581,963","54,875","21,134,331"
2025-05-29,ANDROID,Sportsbetting,USA,"707,383","23,457","8,776,366"
2025-05-30,IOS,RMG,USA,"785,347","29,123","6,755,936"
2025-05-30,ANDROID,RMG,USA,"709,265","5,312","14,867,744"
2025-05-30,IOS,Sportsbetting,USA,"1,726,866","57,068","21,112,495"
2025-05-30,ANDROID,Sportsbetting,USA,"728,026","32,001","9,528,904"
2025-05-31,ANDROID,RMG,USA,"720,327","11,607","14,580,271"
2025-05-31,IOS,RMG,USA,"854,013","29,188","7,441,155"
2025-05-31,IOS,Sportsbetting,USA,"1,759,839","49,649","23,633,995"
2025-05-31,ANDROID,Sportsbetting,USA,"746,289","38,189","10,561,796"
2025-06-01,IOS,RMG,USA,"879,146","29,225","6,263,097"
2025-06-01,ANDROID,RMG,USA,"761,107","4,396","13,855,276"
2025-06-01,IOS,Sportsbetting,USA,"1,688,828","41,645","21,121,498"
2025-06-01,ANDROID,Sportsbetting,USA,"701,078","16,437","8,775,861"
2025-06-02,IOS,RMG,USA,"759,860","23,025","6,964,384"
2025-06-02,ANDROID,RMG,USA,"717,000","4,546","12,749,728"
2025-06-02,ANDROID,Sportsbetting,USA,"668,502","11,173","6,659,536"
2025-06-02,IOS,Sportsbetting,USA,"1,533,109","41,066","15,856,916"
2025-06-03,ANDROID,RMG,USA,"728,814","4,771","13,944,865"
2025-06-03,IOS,RMG,USA,"768,528","22,083","7,374,210"
2025-06-03,ANDROID,Sportsbetting,USA,"655,176","15,565","7,029,992"
2025-06-03,IOS,Sportsbetting,USA,"1,570,666","47,379","17,698,215"
2025-06-04,ANDROID,RMG,USA,"747,121","7,289","14,126,523"
2025-06-04,IOS,RMG,USA,"842,749","23,347","6,798,700"
2025-06-04,ANDROID,Sportsbetting,USA,"679,439","17,512","8,219,785"
2025-06-04,IOS,Sportsbetting,USA,"1,554,876","44,246","18,295,504"
2025-06-05,IOS,RMG,USA,"867,736","25,004","6,952,831"
2025-06-05,ANDROID,RMG,USA,"732,389","5,450","13,860,298"
2025-06-05,IOS,Sportsbetting,USA,"1,635,184","43,809","21,073,438"
2025-06-05,ANDROID,Sportsbetting,USA,"680,426","21,504","8,015,209"
2025-06-06,ANDROID,RMG,USA,"744,741","5,672","14,260,524"
2025-06-06,IOS,RMG,USA,"830,803","26,485","6,967,940"
2025-06-06,ANDROID,Sportsbetting,USA,"692,930","29,648","8,850,757"
2025-06-06,IOS,Sportsbetting,USA,"1,782,198","72,414","22,102,698"
2025-06-07,ANDROID,RMG,USA,"754,795","15,251","13,869,879"
2025-06-07,IOS,RMG,USA,"894,584","26,565","7,750,127"
2025-06-07,IOS,Sportsbetting,USA,"1,757,649","50,983","23,455,438"
2025-06-07,ANDROID,Sportsbetting,USA,"709,371","40,900","9,689,304"
2025-06-08,ANDROID,RMG,USA,"744,786","4,281","15,547,752"
2025-06-08,IOS,RMG,USA,"853,383","26,556","6,589,388"
2025-06-08,ANDROID,Sportsbetting,USA,"715,638","16,473","8,942,297"
2025-06-08,IOS,Sportsbetting,USA,"1,817,119","83,066","20,734,442"
2025-06-09,ANDROID,RMG,USA,"701,783","4,849","14,486,444"
2025-06-09,IOS,RMG,USA,"735,789","22,459","7,498,873"
2025-06-09,ANDROID,Sportsbetting,USA,"678,964","13,559","6,928,702"
2025-06-09,IOS,Sportsbetting,USA,"1,682,737","62,892","17,293,811"
2025-06-10,ANDROID,RMG,USA,"704,730","4,591","15,765,916"
2025-06-10,IOS,RMG,USA,"736,758","20,214","7,286,053"
2025-06-10,IOS,Sportsbetting,USA,"1,628,948","39,705","19,362,695"
2025-06-10,ANDROID,Sportsbetting,USA,"673,408","18,734","7,386,140"
2025-06-11,ANDROID,RMG,USA,"732,400","6,219","15,614,596"
2025-06-11,IOS,RMG,USA,"814,462","24,543","7,153,441"
2025-06-11,IOS,Sportsbetting,USA,"1,589,102","36,430","19,524,365"
2025-06-11,ANDROID,Sportsbetting,USA,"693,259","20,025","8,327,926"
2025-06-12,IOS,RMG,USA,"828,310","23,839","7,109,162"
2025-06-12,ANDROID,RMG,USA,"715,689","7,001","15,431,766"
2025-06-12,ANDROID,Sportsbetting,USA,"708,760","22,120","8,433,258"
2025-06-12,IOS,Sportsbetting,USA,"1,753,711","58,409","22,622,888"
2025-06-13,IOS,RMG,USA,"789,911","24,042","7,424,795"
2025-06-13,ANDROID,RMG,USA,"719,914","5,522","15,999,499"
2025-06-13,IOS,Sportsbetting,USA,"1,881,691","65,246","22,828,555"
2025-06-13,ANDROID,Sportsbetting,USA,"710,801","29,881","8,954,858"
2025-06-14,ANDROID,RMG,USA,"726,543","8,854","15,699,808"
2025-06-14,IOS,RMG,USA,"849,530","23,683","8,098,379"
2025-06-14,ANDROID,Sportsbetting,USA,"736,138","35,735","9,519,773"
2025-06-14,IOS,Sportsbetting,USA,"1,835,404","59,181","23,324,339"
2025-06-15,IOS,RMG,USA,"840,500","23,733","6,772,456"
2025-06-15,ANDROID,RMG,USA,"738,987","4,375","15,278,883"
2025-06-15,ANDROID,Sportsbetting,USA,"678,689","15,507","8,134,483"
2025-06-15,IOS,Sportsbetting,USA,"1,675,585","51,098","20,137,285"
2025-06-16,ANDROID,RMG,USA,"690,851","4,938","14,044,396"
2025-06-16,IOS,RMG,USA,"719,063","25,446","7,446,380"
2025-06-16,IOS,Sportsbetting,USA,"1,600,805","50,744","17,447,085"
2025-06-16,ANDROID,Sportsbetting,USA,"637,137","9,793","6,183,290"
2025-06-17,ANDROID,RMG,USA,"697,973","5,350","15,337,180"
2025-06-17,IOS,RMG,USA,"718,135","22,131","7,672,186"
2025-06-17,ANDROID,Sportsbetting,USA,"630,788","13,535","6,613,859"
2025-06-17,IOS,Sportsbetting,USA,"1,518,943","52,217","19,722,822"
2025-06-18,IOS,RMG,USA,"795,428","25,174","7,010,729"
2025-06-18,ANDROID,RMG,USA,"724,332","6,565","15,083,145"
2025-06-18,IOS,Sportsbetting,USA,"1,472,758","42,148","19,208,286"
2025-06-18,ANDROID,Sportsbetting,USA,"652,302","15,975","8,037,088"
2025-06-19,ANDROID,RMG,USA,"704,936","5,766","14,719,747"
2025-06-19,IOS,RMG,USA,"796,020","26,698","7,042,120"
2025-06-19,IOS,Sportsbetting,USA,"1,611,058","47,474","21,696,145"
2025-06-19,ANDROID,Sportsbetting,USA,"650,031","20,085","7,708,590"
2025-06-20,IOS,RMG,USA,"754,910","23,558","7,521,755"
2025-06-20,ANDROID,RMG,USA,"712,648","5,306","15,558,759"
2025-06-20,ANDROID,Sportsbetting,USA,"664,506","25,493","8,289,883"
2025-06-20,IOS,Sportsbetting,USA,"1,813,547","67,956","22,492,360"
2025-06-21,IOS,RMG,USA,"808,597","25,802","8,314,336"
2025-06-21,ANDROID,RMG,USA,"717,408","9,932","15,341,981"
2025-06-21,ANDROID,Sportsbetting,USA,"677,997","36,560","8,740,704"
2025-06-21,IOS,Sportsbetting,USA,"1,702,889","50,016","22,533,164"
2025-06-22,IOS,RMG,USA,"763,306","24,338","6,417,956"
2025-06-22,ANDROID,RMG,USA,"709,326","4,231","16,865,530"
2025-06-22,IOS,Sportsbetting,USA,"1,677,966","47,859","20,361,294"
2025-06-22,ANDROID,Sportsbetting,USA,"699,173","15,122","8,155,168"
2025-06-23,IOS,RMG,USA,"654,405","21,884","7,019,779"
2025-06-23,ANDROID,RMG,USA,"662,854","7,637","14,779,948"
2025-06-23,ANDROID,Sportsbetting,USA,"660,217","10,557","6,266,291"
2025-06-23,IOS,Sportsbetting,USA,"1,617,029","52,811","18,172,813"
2025-06-24,IOS,RMG,USA,"645,807","23,338","7,174,829"
2025-06-24,ANDROID,RMG,USA,"672,211","6,685","16,585,316"
2025-06-24,IOS,Sportsbetting,USA,"1,553,065","66,080","19,628,501"
2025-06-24,ANDROID,Sportsbetting,USA,"659,593","15,044","6,628,717"
2025-06-25,IOS,RMG,USA,"726,627","24,582","6,575,485"
2025-06-25,ANDROID,RMG,USA,"697,201","9,622","16,484,221"
2025-06-25,IOS,Sportsbetting,USA,"1,451,959","42,784","18,747,687"
2025-06-25,ANDROID,Sportsbetting,USA,"678,903","17,601","7,980,840"
2025-06-26,ANDROID,RMG,USA,"674,541","7,648","15,765,241"
2025-06-26,IOS,RMG,USA,"720,875","24,482","6,363,695"
2025-06-26,IOS,Sportsbetting,USA,"1,591,301","50,593","21,341,246"
2025-06-26,ANDROID,Sportsbetting,USA,"668,952","20,020","7,503,629"
2025-06-27,IOS,RMG,USA,"694,304","31,475","7,110,841"
2025-06-27,ANDROID,RMG,USA,"682,444","6,078","16,718,305"
2025-06-27,ANDROID,Sportsbetting,USA,"677,360","26,732","7,915,720"
2025-06-27,IOS,Sportsbetting,USA,"1,698,603","51,322","20,947,931"
2025-06-28,ANDROID,RMG,USA,"691,653","10,908","16,489,166"
2025-06-28,IOS,RMG,USA,"742,885","30,069","7,904,146"
2025-06-28,IOS,Sportsbetting,USA,"1,662,874","55,027","21,618,842"
2025-06-28,ANDROID,Sportsbetting,USA,"682,591","32,257","8,310,955"
2025-06-29,IOS,RMG,USA,"777,789","28,745","6,417,164"
2025-06-29,ANDROID,RMG,USA,"703,842","4,658","17,007,829"
2025-06-29,IOS,Sportsbetting,USA,"1,535,863","51,371","17,926,008"
2025-06-29,ANDROID,Sportsbetting,USA,"675,933","14,622","9,101,958"
2025-06-30,IOS,RMG,USA,"703,908","26,171","7,238,555"
2025-06-30,ANDROID,RMG,USA,"652,159","6,139","15,224,537"
2025-06-30,IOS,Sportsbetting,USA,"1,497,145","42,454","16,320,045"
2025-06-30,ANDROID,Sportsbetting,USA,"638,040","11,634","7,191,312"
2025-07-01,ANDROID,RMG,USA,"676,694","5,097","17,320,201"
2025-07-01,IOS,RMG,USA,"695,425","27,557","7,491,719"
2025-07-01,ANDROID,Sportsbetting,USA,"637,294","17,221","7,767,616"
2025-07-01,IOS,Sportsbetting,USA,"1,518,624","54,076","18,156,472"
2025-07-02,IOS,RMG,USA,"758,313","28,821","6,966,432"
2025-07-02,ANDROID,RMG,USA,"693,627","8,403","17,331,891"
2025-07-02,ANDROID,Sportsbetting,USA,"653,750","17,886","9,415,332"
2025-07-02,IOS,Sportsbetting,USA,"1,405,344","43,779","17,745,123"
2025-07-03,IOS,RMG,USA,"748,999","25,643","6,749,633"
2025-07-03,ANDROID,RMG,USA,"679,088","7,691","16,531,075"
2025-07-03,IOS,Sportsbetting,USA,"1,508,765","48,541","20,020,508"
2025-07-03,ANDROID,Sportsbetting,USA,"645,274","23,050","8,764,434"
2025-07-04,IOS,RMG,USA,"722,648","27,725","7,418,944"
2025-07-04,ANDROID,RMG,USA,"674,596","5,639","17,617,747"
2025-07-04,ANDROID,Sportsbetting,USA,"654,527","26,432","9,163,168"
2025-07-04,IOS,Sportsbetting,USA,"1,540,404","37,922","18,135,394"
2025-07-05,IOS,RMG,USA,"759,769","25,707","7,975,850"
2025-07-05,ANDROID,RMG,USA,"692,996","9,590","16,913,709"
2025-07-05,ANDROID,Sportsbetting,USA,"663,826","29,651","9,164,806"
2025-07-05,IOS,Sportsbetting,USA,"1,594,214","55,172","18,639,889"
2025-07-06,IOS,RMG,USA,"735,318","28,005","6,502,003"
2025-07-06,ANDROID,RMG,USA,"687,138","4,433","13,041,573"
2025-07-06,IOS,Sportsbetting,USA,"1,509,229","42,195","17,620,986"
2025-07-06,ANDROID,Sportsbetting,USA,"675,670","13,845","9,274,969"
2025-07-07,IOS,RMG,USA,"664,224","24,997","7,063,305"
2025-07-07,ANDROID,RMG,USA,"634,583","5,637","11,685,792"
2025-07-07,ANDROID,Sportsbetting,USA,"641,846","10,816","7,682,873"
2025-07-07,IOS,Sportsbetting,USA,"1,471,506","41,206","18,316,198"
2025-07-08,ANDROID,RMG,USA,"664,236","4,760","13,707,213"
2025-07-08,IOS,RMG,USA,"684,310","25,676","7,328,906"
2025-07-08,IOS,Sportsbetting,USA,"1,562,406","61,403","19,662,945"
2025-07-08,ANDROID,Sportsbetting,USA,"647,838","13,619","8,021,665"
2025-07-09,IOS,RMG,USA,"727,859","22,565","6,595,314"
2025-07-09,ANDROID,RMG,USA,"679,381","7,561","13,140,500"
2025-07-09,IOS,Sportsbetting,USA,"1,412,623","40,855","18,674,029"
2025-07-09,ANDROID,Sportsbetting,USA,"664,054","16,578","9,593,316"
2025-07-10,ANDROID,RMG,USA,"667,356","8,619","12,611,563"
2025-07-10,IOS,RMG,USA,"723,300","27,748","6,908,585"
2025-07-10,IOS,Sportsbetting,USA,"1,493,772","47,639","17,178,578"
2025-07-10,ANDROID,Sportsbetting,USA,"642,572","19,035","8,835,020"
2025-07-11,IOS,RMG,USA,"700,567","29,201","7,529,459"
2025-07-11,ANDROID,RMG,USA,"654,860","4,656","13,575,000"
2025-07-11,IOS,Sportsbetting,USA,"1,475,407","48,801","17,941,876"
2025-07-11,ANDROID,Sportsbetting,USA,"656,230","25,525","9,370,088"
2025-07-12,ANDROID,RMG,USA,"673,297","8,882","12,913,802"
2025-07-12,IOS,RMG,USA,"737,367","29,532","7,668,102"
2025-07-12,ANDROID,Sportsbetting,USA,"666,683","29,482","9,913,490"
2025-07-12,IOS,Sportsbetting,USA,"1,610,678","57,018","20,524,565"
2025-07-13,ANDROID,RMG,USA,"657,954","3,681","12,699,233"
2025-07-13,IOS,RMG,USA,"738,702","30,025","7,161,335"
2025-07-13,ANDROID,Sportsbetting,USA,"619,297","15,133","7,521,531"
2025-07-13,IOS,Sportsbetting,USA,"1,591,582","55,180","17,955,663"
2025-07-14,ANDROID,RMG,USA,"610,455","5,002","11,779,153"
2025-07-14,IOS,RMG,USA,"674,117","30,619","7,219,485"
2025-07-14,IOS,Sportsbetting,USA,"1,477,813","36,463","18,630,358"
2025-07-14,ANDROID,Sportsbetting,USA,"587,597","11,726","6,339,368"
2025-07-15,ANDROID,RMG,USA,"641,437","4,821","13,621,505"
2025-07-15,IOS,RMG,USA,"687,402","31,268","7,761,659"
2025-07-15,ANDROID,Sportsbetting,USA,"593,495","17,127","6,311,061"
2025-07-15,IOS,Sportsbetting,USA,"1,564,578","44,960","18,948,831"
2025-07-16,IOS,RMG,USA,"718,346","32,009","7,244,361"
2025-07-16,ANDROID,RMG,USA,"647,877","7,654","12,962,660"
2025-07-16,ANDROID,Sportsbetting,USA,"602,555","16,956","7,140,546"
2025-07-16,IOS,Sportsbetting,USA,"1,447,535","39,386","17,099,370"
2025-07-17,ANDROID,RMG,USA,"636,248","8,547","12,518,842"
2025-07-17,IOS,RMG,USA,"712,499","30,342","7,297,482"
2025-07-17,ANDROID,Sportsbetting,USA,"587,010","21,747","6,924,464"
2025-07-17,IOS,Sportsbetting,USA,"1,526,868","44,807","16,500,701"
2025-07-18,ANDROID,RMG,USA,"623,892","5,650","13,264,284"
2025-07-18,IOS,RMG,USA,"695,711","31,217","7,703,051"
2025-07-18,ANDROID,Sportsbetting,USA,"595,903","27,074","7,191,421"
2025-07-18,IOS,Sportsbetting,USA,"1,513,143","46,148","16,955,658"
2025-07-19,IOS,RMG,USA,"731,627","31,388","7,687,362"
2025-07-19,ANDROID,RMG,USA,"640,726","10,022","12,834,117"
2025-07-19,IOS,Sportsbetting,USA,"1,670,702","52,101","19,754,891"
2025-07-19,ANDROID,Sportsbetting,USA,"607,618","31,946","7,666,834"
2025-07-20,IOS,RMG,USA,"718,251","30,296","7,198,111"
2025-07-20,ANDROID,RMG,USA,"685,537","4,088","14,007,763"
2025-07-20,IOS,Sportsbetting,USA,"1,676,061","64,189","20,866,045"
2025-07-20,ANDROID,Sportsbetting,USA,"676,413","14,544","8,603,395"
2025-07-21,IOS,RMG,USA,"658,205","28,766","7,373,848"
2025-07-21,ANDROID,RMG,USA,"635,007","5,200","13,092,373"
2025-07-21,IOS,Sportsbetting,USA,"1,563,766","47,172","20,501,427"
2025-07-21,ANDROID,Sportsbetting,USA,"643,585","11,422","7,403,127"
2025-07-22,ANDROID,RMG,USA,"673,940","4,787","15,132,904"
2025-07-22,IOS,RMG,USA,"682,498","27,043","7,806,988"
2025-07-22,IOS,Sportsbetting,USA,"1,603,967","48,630","21,096,979"
2025-07-22,ANDROID,Sportsbetting,USA,"642,646","16,831","7,385,193"
2025-07-23,IOS,RMG,USA,"703,245","27,340","7,207,788"
2025-07-23,ANDROID,RMG,USA,"670,754","7,583","13,954,965"
2025-07-23,IOS,Sportsbetting,USA,"1,483,617","43,577","18,896,200"
2025-07-23,ANDROID,Sportsbetting,USA,"650,359","18,926","8,263,538"
2025-07-24,ANDROID,RMG,USA,"666,806","7,186","13,642,098"
2025-07-24,IOS,RMG,USA,"717,197","29,114","7,543,278"
2025-07-24,ANDROID,Sportsbetting,USA,"634,136","23,642","7,971,688"
2025-07-24,IOS,Sportsbetting,USA,"1,560,049","48,490","18,489,947"
2025-07-25,ANDROID,RMG,USA,"643,612","5,707","14,171,395"
2025-07-25,IOS,RMG,USA,"665,761","27,458","7,922,579"
2025-07-25,ANDROID,Sportsbetting,USA,"649,944","31,949","8,391,435"
2025-07-25,IOS,Sportsbetting,USA,"1,608,414","57,306","19,370,284"
2025-07-26,ANDROID,RMG,USA,"667,819","10,061","13,660,319"
2025-07-26,IOS,RMG,USA,"724,223","29,432","7,740,480"
2025-07-26,ANDROID,Sportsbetting,USA,"669,797","34,596","9,196,622"
2025-07-26,IOS,Sportsbetting,USA,"1,729,418","59,061","24,074,705"
2025-07-27,IOS,RMG,USA,"695,935","30,961","7,111,781"
2025-07-27,ANDROID,RMG,USA,"648,313","4,577","14,294,412"
2025-07-27,IOS,Sportsbetting,USA,"1,702,773","47,330","18,350,204"
2025-07-27,ANDROID,Sportsbetting,USA,"708,647","15,720","9,045,612"
2025-07-28,IOS,RMG,USA,"637,134","22,881","7,059,599"
2025-07-28,ANDROID,RMG,USA,"606,994","5,119","14,097,236"
2025-07-28,IOS,Sportsbetting,USA,"1,621,563","46,164","18,122,383"
2025-07-28,ANDROID,Sportsbetting,USA,"680,304","10,201","8,130,120"
2025-07-29,IOS,RMG,USA,"672,000","23,306","7,676,360"
2025-07-29,ANDROID,RMG,USA,"642,373","4,137","15,892,497"
2025-07-29,IOS,Sportsbetting,USA,"1,615,044","51,060","18,371,606"
2025-07-29,ANDROID,Sportsbetting,USA,"680,348","16,118","7,913,415"
2025-07-30,ANDROID,RMG,USA,"639,079","8,053","14,599,959"
2025-07-30,IOS,RMG,USA,"682,712","20,978","7,016,179"
2025-07-30,IOS,Sportsbetting,USA,"1,561,576","47,423","18,580,782"
2025-07-30,ANDROID,Sportsbetting,USA,"685,256","17,595","9,199,108"
2025-07-31,IOS,RMG,USA,"691,117","21,734","7,484,717"
2025-07-31,ANDROID,RMG,USA,"632,780","5,799","14,521,670"
2025-07-31,IOS,Sportsbetting,USA,"1,599,789","42,270","17,060,339"
2025-07-31,ANDROID,Sportsbetting,USA,"662,646","23,556","8,761,271"
2025-08-01,IOS,RMG,USA,"646,020","27,279","8,258,072"
2025-08-01,ANDROID,RMG,USA,"604,743","5,442","14,850,991"
2025-08-01,ANDROID,Sportsbetting,USA,"678,364","32,358","8,865,058"
2025-08-01,IOS,Sportsbetting,USA,"1,708,842","79,624","17,983,018"
2025-08-02,IOS,RMG,USA,"722,614","29,246","7,879,646"
2025-08-02,ANDROID,RMG,USA,"635,200","10,671","14,265,218"
2025-08-02,IOS,Sportsbetting,USA,"1,779,915","61,140","22,246,863"
2025-08-02,ANDROID,Sportsbetting,USA,"700,843","36,594","9,575,199"
2025-08-03,ANDROID,RMG,USA,"657,162","4,389","13,345,019"
2025-08-03,IOS,RMG,USA,"805,674","31,811","8,158,905"
2025-08-03,ANDROID,Sportsbetting,USA,"759,880","15,918","9,623,458"
2025-08-03,IOS,Sportsbetting,USA,"2,069,960","58,596","19,261,747"
2025-08-04,ANDROID,RMG,USA,"617,115","5,632","13,471,186"
2025-08-04,IOS,RMG,USA,"733,099","26,790","8,078,839"
2025-08-04,IOS,Sportsbetting,USA,"1,974,316","79,790","19,720,591"
2025-08-04,ANDROID,Sportsbetting,USA,"725,709","10,834","8,309,365"
2025-08-05,IOS,RMG,USA,"746,552","29,644","8,672,219"
2025-08-05,ANDROID,RMG,USA,"657,546","6,273","14,921,728"
2025-08-05,ANDROID,Sportsbetting,USA,"730,705","16,002","8,290,697"
2025-08-05,IOS,Sportsbetting,USA,"1,981,346","86,442","20,405,828"
2025-08-06,ANDROID,RMG,USA,"653,172","6,859","13,723,451"
2025-08-06,IOS,RMG,USA,"786,340","26,342","7,623,691"
2025-08-06,ANDROID,Sportsbetting,USA,"734,040","17,637","9,249,358"
2025-08-06,IOS,Sportsbetting,USA,"2,016,783","84,478","20,905,633"
2025-08-07,ANDROID,RMG,USA,"649,858","7,852","13,636,129"
2025-08-07,IOS,RMG,USA,"820,381","32,765","8,682,286"
2025-08-07,ANDROID,Sportsbetting,USA,"719,180","23,251","8,659,361"
2025-08-07,IOS,Sportsbetting,USA,"1,970,041","105,059","18,668,308"
2025-08-08,IOS,RMG,USA,"759,305","31,938","9,479,868"
2025-08-08,ANDROID,RMG,USA,"615,878","6,004","14,294,283"
2025-08-08,IOS,Sportsbetting,USA,"2,135,801","124,970","20,639,819"
2025-08-08,ANDROID,Sportsbetting,USA,"736,512","37,834","9,069,226"
2025-08-09,ANDROID,RMG,USA,"648,524","12,335","13,679,395"
2025-08-09,IOS,RMG,USA,"817,483","30,310","8,548,700"
2025-08-09,ANDROID,Sportsbetting,USA,"748,861","44,735","10,039,008"
2025-08-09,IOS,Sportsbetting,USA,"2,136,664","102,717","22,174,669"
2025-08-10,IOS,RMG,USA,"846,197","35,277","8,468,100"
2025-08-10,ANDROID,RMG,USA,"714,601","7,012","13,177,543"
2025-08-10,IOS,Sportsbetting,USA,"2,311,964","103,073","21,800,489"
2025-08-10,ANDROID,Sportsbetting,USA,"784,490","22,286","10,930,764"
2025-08-11,IOS,RMG,USA,"745,328","25,754","8,470,562"
2025-08-11,ANDROID,RMG,USA,"679,870","4,440","13,685,447"
2025-08-11,ANDROID,Sportsbetting,USA,"751,323","27,971","9,424,351"
2025-08-11,IOS,Sportsbetting,USA,"2,212,323","110,700","23,182,882"
2025-08-12,ANDROID,RMG,USA,"717,951","7,976","14,374,408"
2025-08-12,IOS,RMG,USA,"767,963","28,855","8,642,160"
2025-08-12,IOS,Sportsbetting,USA,"2,235,806","123,010","23,464,190"
2025-08-12,ANDROID,Sportsbetting,USA,"762,071","29,214","9,504,614"
2025-08-13,ANDROID,RMG,USA,"716,780","7,350","13,447,345"
2025-08-13,IOS,RMG,USA,"811,491","25,173","7,340,719"
2025-08-13,IOS,Sportsbetting,USA,"2,310,352","116,223","23,806,157"
2025-08-13,ANDROID,Sportsbetting,USA,"756,328","33,532","10,347,211"
2025-08-14,ANDROID,RMG,USA,"716,176","6,810","13,767,678"
2025-08-14,IOS,RMG,USA,"854,423","30,358","8,899,327"
2025-08-14,ANDROID,Sportsbetting,USA,"752,979","34,540","9,741,187"
2025-08-14,IOS,Sportsbetting,USA,"2,237,644","112,342","22,330,283"
2025-08-15,ANDROID,RMG,USA,"672,826","6,762","14,275,583"
2025-08-15,IOS,RMG,USA,"795,082","31,908","9,587,904"
2025-08-15,ANDROID,Sportsbetting,USA,"771,793","46,417","10,353,906"
2025-08-15,IOS,Sportsbetting,USA,"2,487,499","177,417","25,287,880"
2025-08-16,IOS,RMG,USA,"894,834","37,926","9,314,220"
2025-08-16,ANDROID,RMG,USA,"709,771","14,265","13,807,200"
2025-08-16,IOS,Sportsbetting,USA,"2,408,843","136,817","25,702,203"
2025-08-16,ANDROID,Sportsbetting,USA,"789,175","49,200","11,165,634"
2025-08-17,IOS,RMG,USA,,"35,760",
2025-08-17,ANDROID,RMG,USA,,"11,485",
2025-08-17,IOS,Sportsbetting,USA,,"130,684",
2025-08-17,ANDROID,Sportsbetting,USA,,"32,510",
2025-08-18,ANDROID,RMG,USA,,"5,552",
2025-08-18,IOS,RMG,USA,,"27,853",
2025-08-18,ANDROID,Sportsbetting,USA,,"27,741",
2025-08-18,IOS,Sportsbetting,USA,,"132,194",
2025-08-19,IOS,RMG,USA,,"33,113",
2025-08-19,ANDROID,RMG,USA,,"9,088",
2025-08-19,IOS,Sportsbetting,USA,,"152,349",
2025-08-19,ANDROID,Sportsbetting,USA,,"29,370",
2025-08-20,IOS,RMG,USA,,"39,411",
2025-08-20,ANDROID,RMG,USA,,"10,013",
2025-08-20,IOS,Sportsbetting,USA,,"123,240",
2025-08-20,ANDROID,Sportsbetting,USA,,"33,121",
2025-08-21,IOS,RMG,USA,,"46,358",
2025-08-21,ANDROID,RMG,USA,,"8,064",
2025-08-21,IOS,Sportsbetting,USA,,"141,108",
2025-08-21,ANDROID,Sportsbetting,USA,,"32,232",
2025-08-22,ANDROID,RMG,USA,,"7,863",
2025-08-22,IOS,RMG,USA,,"40,724",
2025-08-22,IOS,Sportsbetting,USA,,"194,788",
2025-08-22,ANDROID,Sportsbetting,USA,,"44,849",
2025-08-23,ANDROID,RMG,USA,,"16,246",
2025-08-23,IOS,RMG,USA,,"44,131",
2025-08-23,ANDROID,Sportsbetting,USA,,"52,423",
2025-08-23,IOS,Sportsbetting,USA,,"151,901",
2025-08-24,IOS,RMG,USA,,"50,822",
2025-08-24,ANDROID,RMG,USA,,"8,679",
2025-08-24,IOS,Sportsbetting,USA,,"151,488",
2025-08-24,ANDROID,Sportsbetting,USA,,"28,267",
2025-08-25,ANDROID,RMG,USA,,"6,209",
2025-08-25,IOS,RMG,USA,,"32,092",
2025-08-25,ANDROID,Sportsbetting,USA,,"36,772",
2025-08-25,IOS,Sportsbetting,USA,,"169,111",
2025-08-26,ANDROID,RMG,USA,,"8,916",
2025-08-26,IOS,RMG,USA,,"54,000",
2025-08-26,ANDROID,Sportsbetting,USA,,"47,770",
2025-08-26,IOS,Sportsbetting,USA,,"195,380",